user_id,signup_date,kyc_level,city,account_status,created_at,updated_at
user_00001,2025-10-30,basic,Marrakech,blocked,2025-10-30 11:45:03.427010,2025-10-30 11:45:03.427010
user_00002,2025-11-07,full,Casablanca,active,2025-11-07 11:45:03.427010,2025-11-07 11:45:03.427010
user_00003,2025-10-31,basic,Marrakech,active,2025-10-31 11:45:03.427010,2025-10-31 11:45:03.427010
user_00004,2025-09-19,full,Rabat,active,2025-09-19 11:45:03.427010,2025-09-19 11:45:03.427010
user_00005,2025-12-11,full,Rabat,active,2025-12-11 11:45:03.427010,2025-12-11 11:45:03.427010
user_00006,2025-10-25,full,Rabat,active,2025-10-25 11:45:03.427010,2025-10-25 11:45:03.427010
user_00007,2025-12-04,full,Marrakech,active,2025-12-04 11:45:03.427010,2025-12-04 11:45:03.427010
user_00008,2025-10-24,basic,Marrakech,active,2025-10-24 11:45:03.427010,2025-10-24 11:45:03.427010
user_00009,2025-10-20,basic,Casablanca,active,2025-10-20 11:45:03.427010,2025-10-20 11:45:03.427010
user_00010,2025-12-16,full,Rabat,active,2025-12-16 11:45:03.427010,2025-12-16 11:45:03.427010
user_00011,2025-11-21,full,Casablanca,active,2025-11-21 11:45:03.427010,2025-11-21 11:45:03.427010
user_00012,2025-11-06,full,Casablanca,active,2025-11-06 11:45:03.427010,2025-11-06 11:45:03.427010
user_00013,2025-12-05,basic,Rabat,active,2025-12-05 11:45:03.427010,2025-12-05 11:45:03.427010
user_00014,2025-12-06,full,Casablanca,active,2025-12-06 11:45:03.427010,2025-12-06 11:45:03.427010
user_00015,2025-11-26,full,Rabat,active,2025-11-26 11:45:03.427010,2025-11-26 11:45:03.427010
user_00016,2025-11-03,full,Rabat,active,2025-11-03 11:45:03.427010,2025-11-03 11:45:03.427010
user_00017,2025-11-21,full,Marrakech,closed,2025-11-21 11:45:03.427010,2025-11-21 11:45:03.427010
user_00018,2025-09-20,full,Rabat,active,2025-09-20 11:45:03.427010,2025-09-20 11:45:03.427010
user_00019,2025-09-28,basic,Marrakech,suspended,2025-09-28 11:45:03.427010,2025-09-28 11:45:03.427010
user_00020,2025-12-10,basic,Marrakech,active,2025-12-10 11:45:03.427010,2025-12-10 11:45:03.427010
user_00021,2025-11-16,basic,Rabat,active,2025-11-16 11:45:03.427010,2025-11-16 11:45:03.427010
user_00022,2025-11-12,full,Marrakech,active,2025-11-12 11:45:03.427010,2025-11-12 11:45:03.427010
user_00023,2025-09-17,full,Casablanca,active,2025-09-17 11:45:03.427010,2025-09-17 11:45:03.427010
user_00024,2025-12-11,full,Marrakech,suspended,2025-12-11 11:45:03.427010,2025-12-11 11:45:03.427010
user_00025,2025-10-31,basic,Casablanca,active,2025-10-31 11:45:03.427010,2025-10-31 11:45:03.427010
user_00026,2025-11-26,full,Rabat,active,2025-11-26 11:45:03.427010,2025-11-26 11:45:03.427010
user_00027,2025-10-28,basic,Casablanca,blocked,2025-10-28 11:45:03.427010,2025-10-28 11:45:03.427010
user_00028,2025-10-30,full,Rabat,active,2025-10-30 11:45:03.427010,2025-10-30 11:45:03.427010
user_00029,2025-11-14,basic,Rabat,active,2025-11-14 11:45:03.427010,2025-11-14 11:45:03.427010
user_00030,2025-10-06,basic,Marrakech,active,2025-10-06 11:45:03.427010,2025-10-06 11:45:03.427010
user_00031,2025-09-20,full,Casablanca,active,2025-09-20 11:45:03.427010,2025-09-20 11:45:03.427010
user_00032,2025-10-25,full,Marrakech,active,2025-10-25 11:45:03.427010,2025-10-25 11:45:03.427010
user_00033,2025-12-02,basic,Casablanca,suspended,2025-12-02 11:45:03.427010,2025-12-02 11:45:03.427010
user_00034,2025-10-13,basic,Marrakech,active,2025-10-13 11:45:03.427010,2025-10-13 11:45:03.427010
user_00035,2025-11-19,full,Rabat,active,2025-11-19 11:45:03.427010,2025-11-19 11:45:03.427010
user_00036,2025-12-09,full,Casablanca,suspended,2025-12-09 11:45:03.427010,2025-12-09 11:45:03.427010
user_00037,2025-10-21,basic,Marrakech,suspended,2025-10-21 11:45:03.427010,2025-10-21 11:45:03.427010
user_00038,2025-09-21,basic,Marrakech,active,2025-09-21 11:45:03.427010,2025-09-21 11:45:03.427010
user_00039,2025-11-17,full,Casablanca,active,2025-11-17 11:45:03.427010,2025-11-17 11:45:03.427010
user_00040,2025-09-22,full,Marrakech,suspended,2025-09-22 11:45:03.427010,2025-09-22 11:45:03.427010
user_00041,2025-11-25,basic,Rabat,active,2025-11-25 11:45:03.427010,2025-11-25 11:45:03.427010
user_00042,2025-11-25,full,Marrakech,active,2025-11-25 11:45:03.427010,2025-11-25 11:45:03.427010
user_00043,2025-11-19,basic,Rabat,active,2025-11-19 11:45:03.427010,2025-11-19 11:45:03.427010
user_00044,2025-11-30,full,Rabat,active,2025-11-30 11:45:03.427010,2025-11-30 11:45:03.427010
user_00045,2025-12-04,basic,Casablanca,closed,2025-12-04 11:45:03.427010,2025-12-04 11:45:03.427010
user_00046,2025-09-23,basic,Rabat,suspended,2025-09-23 11:45:03.427010,2025-09-23 11:45:03.427010
user_00047,2025-11-08,basic,Rabat,active,2025-11-08 11:45:03.427010,2025-11-08 11:45:03.427010
user_00048,2025-11-09,full,Casablanca,active,2025-11-09 11:45:03.427010,2025-11-09 11:45:03.427010
user_00049,2025-10-09,basic,Rabat,suspended,2025-10-09 11:45:03.427010,2025-10-09 11:45:03.427010
user_00050,2025-10-02,full,Rabat,active,2025-10-02 11:45:03.427010,2025-10-02 11:45:03.427010
user_00051,2025-10-30,basic,Rabat,active,2025-10-30 11:45:03.427010,2025-10-30 11:45:03.427010
user_00052,2025-09-24,full,Rabat,active,2025-09-24 11:45:03.427010,2025-09-24 11:45:03.427010
user_00053,2025-12-10,full,Casablanca,active,2025-12-10 11:45:03.427010,2025-12-10 11:45:03.427010
user_00054,2025-10-19,basic,Marrakech,active,2025-10-19 11:45:03.427010,2025-10-19 11:45:03.427010
user_00055,2025-11-08,basic,Rabat,blocked,2025-11-08 11:45:03.427010,2025-11-08 11:45:03.427010
user_00056,2025-10-14,basic,Casablanca,suspended,2025-10-14 11:45:03.427010,2025-10-14 11:45:03.427010
user_00057,2025-11-28,full,Rabat,active,2025-11-28 11:45:03.427010,2025-11-28 11:45:03.427010
user_00058,2025-10-06,full,Marrakech,active,2025-10-06 11:45:03.427010,2025-10-06 11:45:03.427010
user_00059,2025-10-25,full,Rabat,active,2025-10-25 11:45:03.427010,2025-10-25 11:45:03.427010
user_00060,2025-12-10,full,Rabat,active,2025-12-10 11:45:03.427010,2025-12-10 11:45:03.427010
user_00061,2025-11-18,basic,Casablanca,suspended,2025-11-18 11:45:03.427010,2025-11-18 11:45:03.427010
user_00062,2025-10-04,full,Marrakech,suspended,2025-10-04 11:45:03.427010,2025-10-04 11:45:03.427010
user_00063,2025-11-22,full,Marrakech,active,2025-11-22 11:45:03.427010,2025-11-22 11:45:03.427010
user_00064,2025-09-24,full,Casablanca,active,2025-09-24 11:45:03.427010,2025-09-24 11:45:03.427010
user_00065,2025-11-04,full,Rabat,active,2025-11-04 11:45:03.427010,2025-11-04 11:45:03.427010
user_00066,2025-11-23,basic,Marrakech,suspended,2025-11-23 11:45:03.427010,2025-11-23 11:45:03.427010
user_00067,2025-09-27,basic,Rabat,suspended,2025-09-27 11:45:03.427010,2025-09-27 11:45:03.427010
user_00068,2025-11-09,full,Rabat,active,2025-11-09 11:45:03.427010,2025-11-09 11:45:03.427010
user_00069,2025-11-24,basic,Casablanca,blocked,2025-11-24 11:45:03.427010,2025-11-24 11:45:03.427010
user_00070,2025-09-25,full,Rabat,active,2025-09-25 11:45:03.427010,2025-09-25 11:45:03.427010
user_00071,2025-11-10,full,Casablanca,active,2025-11-10 11:45:03.427010,2025-11-10 11:45:03.427010
user_00072,2025-11-06,full,Marrakech,active,2025-11-06 11:45:03.427010,2025-11-06 11:45:03.427010
user_00073,2025-10-15,basic,Rabat,active,2025-10-15 11:45:03.427010,2025-10-15 11:45:03.427010
user_00074,2025-12-04,full,Rabat,active,2025-12-04 11:45:03.427010,2025-12-04 11:45:03.427010
user_00075,2025-09-28,basic,Marrakech,active,2025-09-28 11:45:03.427010,2025-09-28 11:45:03.427010
user_00076,2025-12-04,basic,Casablanca,active,2025-12-04 11:45:03.427010,2025-12-04 11:45:03.427010
user_00077,2025-10-21,basic,Casablanca,active,2025-10-21 11:45:03.427010,2025-10-21 11:45:03.427010
user_00078,2025-09-23,basic,Marrakech,closed,2025-09-23 11:45:03.427010,2025-09-23 11:45:03.427010
user_00079,2025-11-19,full,Marrakech,active,2025-11-19 11:45:03.427010,2025-11-19 11:45:03.427010
user_00080,2025-09-23,full,Casablanca,active,2025-09-23 11:45:03.427010,2025-09-23 11:45:03.427010
user_00081,2025-10-28,basic,Casablanca,active,2025-10-28 11:45:03.427010,2025-10-28 11:45:03.427010
user_00082,2025-11-29,basic,Marrakech,active,2025-11-29 11:45:03.427010,2025-11-29 11:45:03.427010
user_00083,2025-10-11,basic,Rabat,active,2025-10-11 11:45:03.427010,2025-10-11 11:45:03.427010
user_00084,2025-11-29,full,Marrakech,closed,2025-11-29 11:45:03.427010,2025-11-29 11:45:03.427010
user_00085,2025-10-02,full,Rabat,active,2025-10-02 11:45:03.427010,2025-10-02 11:45:03.427010
user_00086,2025-12-03,full,Rabat,active,2025-12-03 11:45:03.427010,2025-12-03 11:45:03.427010
user_00087,2025-12-16,basic,Casablanca,suspended,2025-12-16 11:45:03.427010,2025-12-16 11:45:03.427010
user_00088,2025-12-02,basic,Casablanca,active,2025-12-02 11:45:03.427010,2025-12-02 11:45:03.427010
user_00089,2025-10-25,full,Casablanca,suspended,2025-10-25 11:45:03.427010,2025-10-25 11:45:03.427010
user_00090,2025-11-26,full,Marrakech,active,2025-11-26 11:45:03.427010,2025-11-26 11:45:03.427010
user_00091,2025-10-17,full,Casablanca,active,2025-10-17 11:45:03.427010,2025-10-17 11:45:03.427010
user_00092,2025-11-15,basic,Casablanca,suspended,2025-11-15 11:45:03.427010,2025-11-15 11:45:03.427010
user_00093,2025-11-27,full,Marrakech,active,2025-11-27 11:45:03.427010,2025-11-27 11:45:03.427010
user_00094,2025-09-17,basic,Rabat,suspended,2025-09-17 11:45:03.427010,2025-09-17 11:45:03.427010
user_00095,2025-12-08,basic,Marrakech,active,2025-12-08 11:45:03.427010,2025-12-08 11:45:03.427010
user_00096,2025-10-15,full,Rabat,active,2025-10-15 11:45:03.427010,2025-10-15 11:45:03.427010
user_00097,2025-09-19,basic,Marrakech,blocked,2025-09-19 11:45:03.427010,2025-09-19 11:45:03.427010
user_00098,2025-10-10,full,Marrakech,active,2025-10-10 11:45:03.427010,2025-10-10 11:45:03.427010
user_00099,2025-11-07,basic,Marrakech,suspended,2025-11-07 11:45:03.427010,2025-11-07 11:45:03.427010
user_00100,2025-11-19,basic,Rabat,active,2025-11-19 11:45:03.427010,2025-11-19 11:45:03.427010
user_00101,2025-09-21,basic,Marrakech,suspended,2025-09-21 11:45:03.427010,2025-09-21 11:45:03.427010
user_00102,2025-11-21,basic,Marrakech,suspended,2025-11-21 11:45:03.427010,2025-11-21 11:45:03.427010
user_00103,2025-09-18,full,Rabat,active,2025-09-18 11:45:03.427010,2025-09-18 11:45:03.427010
user_00104,2025-12-04,full,Rabat,active,2025-12-04 11:45:03.427010,2025-12-04 11:45:03.427010
user_00105,2025-10-31,basic,Casablanca,active,2025-10-31 11:45:03.427010,2025-10-31 11:45:03.427010
user_00106,2025-12-13,full,Casablanca,active,2025-12-13 11:45:03.427010,2025-12-13 11:45:03.427010
user_00107,2025-11-12,basic,Rabat,suspended,2025-11-12 11:45:03.427010,2025-11-12 11:45:03.427010
user_00108,2025-11-12,full,Rabat,active,2025-11-12 11:45:03.427010,2025-11-12 11:45:03.427010
user_00109,2025-10-27,basic,Casablanca,active,2025-10-27 11:45:03.427010,2025-10-27 11:45:03.427010
user_00110,2025-12-03,full,Rabat,active,2025-12-03 11:45:03.427010,2025-12-03 11:45:03.427010
user_00111,2025-09-24,full,Casablanca,active,2025-09-24 11:45:03.427010,2025-09-24 11:45:03.427010
user_00112,2025-10-21,basic,Rabat,active,2025-10-21 11:45:03.427010,2025-10-21 11:45:03.427010
user_00113,2025-11-19,basic,Casablanca,active,2025-11-19 11:45:03.427010,2025-11-19 11:45:03.427010
user_00114,2025-10-16,basic,Marrakech,active,2025-10-16 11:45:03.427010,2025-10-16 11:45:03.427010
user_00115,2025-11-14,basic,Rabat,suspended,2025-11-14 11:45:03.427010,2025-11-14 11:45:03.427010
user_00116,2025-12-02,full,Marrakech,active,2025-12-02 11:45:03.427010,2025-12-02 11:45:03.427010
user_00117,2025-09-27,full,Marrakech,active,2025-09-27 11:45:03.427010,2025-09-27 11:45:03.427010
user_00118,2025-10-01,basic,Rabat,active,2025-10-01 11:45:03.427010,2025-10-01 11:45:03.427010
user_00119,2025-12-01,full,Rabat,active,2025-12-01 11:45:03.427010,2025-12-01 11:45:03.427010
user_00120,2025-12-09,full,Marrakech,active,2025-12-09 11:45:03.427010,2025-12-09 11:45:03.427010
user_00121,2025-11-07,full,Marrakech,active,2025-11-07 11:45:03.427010,2025-11-07 11:45:03.427010
user_00122,2025-10-15,full,Rabat,active,2025-10-15 11:45:03.427010,2025-10-15 11:45:03.427010
user_00123,2025-10-11,full,Casablanca,active,2025-10-11 11:45:03.427010,2025-10-11 11:45:03.427010
user_00124,2025-09-28,full,Marrakech,active,2025-09-28 11:45:03.427010,2025-09-28 11:45:03.427010
user_00125,2025-09-23,full,Marrakech,active,2025-09-23 11:45:03.427010,2025-09-23 11:45:03.427010
user_00126,2025-10-26,full,Marrakech,active,2025-10-26 11:45:03.427010,2025-10-26 11:45:03.427010
user_00127,2025-12-03,full,Casablanca,active,2025-12-03 11:45:03.427010,2025-12-03 11:45:03.427010
user_00128,2025-10-30,full,Casablanca,active,2025-10-30 11:45:03.427010,2025-10-30 11:45:03.427010
user_00129,2025-11-23,basic,Rabat,active,2025-11-23 11:45:03.427010,2025-11-23 11:45:03.427010
user_00130,2025-09-19,full,Marrakech,active,2025-09-19 11:45:03.427010,2025-09-19 11:45:03.427010
user_00131,2025-10-31,basic,Casablanca,suspended,2025-10-31 11:45:03.427010,2025-10-31 11:45:03.427010
user_00132,2025-12-11,basic,Casablanca,active,2025-12-11 11:45:03.427010,2025-12-11 11:45:03.427010
user_00133,2025-10-12,basic,Rabat,active,2025-10-12 11:45:03.427010,2025-10-12 11:45:03.427010
user_00134,2025-09-27,basic,Rabat,active,2025-09-27 11:45:03.427010,2025-09-27 11:45:03.427010
user_00135,2025-11-26,basic,Casablanca,active,2025-11-26 11:45:03.427010,2025-11-26 11:45:03.427010
user_00136,2025-11-15,basic,Rabat,suspended,2025-11-15 11:45:03.427010,2025-11-15 11:45:03.427010
user_00137,2025-11-06,full,Marrakech,active,2025-11-06 11:45:03.427010,2025-11-06 11:45:03.427010
user_00138,2025-09-26,full,Rabat,active,2025-09-26 11:45:03.427010,2025-09-26 11:45:03.427010
user_00139,2025-09-23,basic,Rabat,active,2025-09-23 11:45:03.427010,2025-09-23 11:45:03.427010
user_00140,2025-11-26,full,Rabat,active,2025-11-26 11:45:03.427010,2025-11-26 11:45:03.427010
user_00141,2025-11-27,full,Rabat,active,2025-11-27 11:45:03.427010,2025-11-27 11:45:03.427010
user_00142,2025-10-25,basic,Marrakech,suspended,2025-10-25 11:45:03.427010,2025-10-25 11:45:03.427010
user_00143,2025-10-05,full,Rabat,active,2025-10-05 11:45:03.427010,2025-10-05 11:45:03.427010
user_00144,2025-11-25,full,Rabat,active,2025-11-25 11:45:03.427010,2025-11-25 11:45:03.427010
user_00145,2025-11-09,full,Marrakech,closed,2025-11-09 11:45:03.427010,2025-11-09 11:45:03.427010
user_00146,2025-09-21,full,Marrakech,active,2025-09-21 11:45:03.427010,2025-09-21 11:45:03.427010
user_00147,2025-10-03,full,Casablanca,active,2025-10-03 11:45:03.427010,2025-10-03 11:45:03.427010
user_00148,2025-09-29,basic,Casablanca,suspended,2025-09-29 11:45:03.427010,2025-09-29 11:45:03.427010
user_00149,2025-10-17,full,Rabat,active,2025-10-17 11:45:03.427010,2025-10-17 11:45:03.427010
user_00150,2025-11-05,full,Rabat,active,2025-11-05 11:45:03.427010,2025-11-05 11:45:03.427010
user_00151,2025-12-07,full,Rabat,active,2025-12-07 11:45:03.427010,2025-12-07 11:45:03.427010
user_00152,2025-09-23,full,Rabat,closed,2025-09-23 11:45:03.427010,2025-09-23 11:45:03.427010
user_00153,2025-12-08,basic,Casablanca,suspended,2025-12-08 11:45:03.427010,2025-12-08 11:45:03.427010
user_00154,2025-10-10,full,Casablanca,active,2025-10-10 11:45:03.427010,2025-10-10 11:45:03.427010
user_00155,2025-10-26,basic,Marrakech,active,2025-10-26 11:45:03.427010,2025-10-26 11:45:03.427010
user_00156,2025-12-09,full,Casablanca,active,2025-12-09 11:45:03.427010,2025-12-09 11:45:03.427010
user_00157,2025-11-29,basic,Marrakech,active,2025-11-29 11:45:03.427010,2025-11-29 11:45:03.427010
user_00158,2025-11-03,full,Rabat,active,2025-11-03 11:45:03.427010,2025-11-03 11:45:03.427010
user_00159,2025-10-18,full,Casablanca,suspended,2025-10-18 11:45:03.427010,2025-10-18 11:45:03.427010
user_00160,2025-10-23,full,Rabat,active,2025-10-23 11:45:03.427010,2025-10-23 11:45:03.427010
user_00161,2025-10-29,full,Casablanca,active,2025-10-29 11:45:03.427010,2025-10-29 11:45:03.427010
user_00162,2025-10-13,basic,Casablanca,blocked,2025-10-13 11:45:03.427010,2025-10-13 11:45:03.427010
user_00163,2025-10-17,full,Rabat,active,2025-10-17 11:45:03.427010,2025-10-17 11:45:03.427010
user_00164,2025-10-03,basic,Marrakech,active,2025-10-03 11:45:03.427010,2025-10-03 11:45:03.427010
user_00165,2025-09-23,full,Casablanca,active,2025-09-23 11:45:03.427010,2025-09-23 11:45:03.427010
user_00166,2025-10-01,basic,Marrakech,suspended,2025-10-01 11:45:03.427010,2025-10-01 11:45:03.427010
user_00167,2025-12-15,full,Rabat,active,2025-12-15 11:45:03.427010,2025-12-15 11:45:03.427010
user_00168,2025-11-27,full,Marrakech,active,2025-11-27 11:45:03.427010,2025-11-27 11:45:03.427010
user_00169,2025-10-08,full,Rabat,active,2025-10-08 11:45:03.427010,2025-10-08 11:45:03.427010
user_00170,2025-09-30,full,Marrakech,active,2025-09-30 11:45:03.427010,2025-09-30 11:45:03.427010
user_00171,2025-09-24,full,Marrakech,active,2025-09-24 11:45:03.427010,2025-09-24 11:45:03.427010
user_00172,2025-09-27,full,Casablanca,active,2025-09-27 11:45:03.427010,2025-09-27 11:45:03.427010
user_00173,2025-12-02,full,Marrakech,active,2025-12-02 11:45:03.427010,2025-12-02 11:45:03.427010
user_00174,2025-10-21,basic,Casablanca,active,2025-10-21 11:45:03.427010,2025-10-21 11:45:03.427010
user_00175,2025-11-03,full,Rabat,active,2025-11-03 11:45:03.427010,2025-11-03 11:45:03.427010
user_00176,2025-09-26,basic,Casablanca,active,2025-09-26 11:45:03.427010,2025-09-26 11:45:03.427010
user_00177,2025-10-31,full,Rabat,active,2025-10-31 11:45:03.427010,2025-10-31 11:45:03.427010
user_00178,2025-10-25,basic,Rabat,active,2025-10-25 11:45:03.427010,2025-10-25 11:45:03.427010
user_00179,2025-10-03,full,Casablanca,active,2025-10-03 11:45:03.427010,2025-10-03 11:45:03.427010
user_00180,2025-12-07,basic,Marrakech,blocked,2025-12-07 11:45:03.427010,2025-12-07 11:45:03.427010
user_00181,2025-12-02,full,Casablanca,active,2025-12-02 11:45:03.427010,2025-12-02 11:45:03.427010
user_00182,2025-10-17,full,Rabat,active,2025-10-17 11:45:03.427010,2025-10-17 11:45:03.427010
user_00183,2025-11-14,full,Rabat,active,2025-11-14 11:45:03.427010,2025-11-14 11:45:03.427010
user_00184,2025-10-14,basic,Marrakech,suspended,2025-10-14 11:45:03.427010,2025-10-14 11:45:03.427010
user_00185,2025-10-29,full,Rabat,active,2025-10-29 11:45:03.427010,2025-10-29 11:45:03.427010
user_00186,2025-10-09,full,Casablanca,active,2025-10-09 11:45:03.427010,2025-10-09 11:45:03.427010
user_00187,2025-10-05,full,Casablanca,active,2025-10-05 11:45:03.427010,2025-10-05 11:45:03.427010
user_00188,2025-12-06,basic,Casablanca,active,2025-12-06 11:45:03.427010,2025-12-06 11:45:03.427010
user_00189,2025-10-02,basic,Casablanca,active,2025-10-02 11:45:03.427010,2025-10-02 11:45:03.427010
user_00190,2025-12-09,full,Casablanca,active,2025-12-09 11:45:03.427010,2025-12-09 11:45:03.427010
user_00191,2025-10-28,full,Casablanca,active,2025-10-28 11:45:03.427010,2025-10-28 11:45:03.427010
user_00192,2025-12-04,full,Rabat,active,2025-12-04 11:45:03.427010,2025-12-04 11:45:03.427010
user_00193,2025-12-13,basic,Rabat,blocked,2025-12-13 11:45:03.427010,2025-12-13 11:45:03.427010
user_00194,2025-10-01,full,Marrakech,active,2025-10-01 11:45:03.427010,2025-10-01 11:45:03.427010
user_00195,2025-12-01,full,Casablanca,active,2025-12-01 11:45:03.427010,2025-12-01 11:45:03.427010
user_00196,2025-10-03,basic,Casablanca,active,2025-10-03 11:45:03.427010,2025-10-03 11:45:03.427010
user_00197,2025-12-04,full,Casablanca,active,2025-12-04 11:45:03.427010,2025-12-04 11:45:03.427010
user_00198,2025-11-21,full,Rabat,active,2025-11-21 11:45:03.427010,2025-11-21 11:45:03.427010
user_00199,2025-11-09,basic,Marrakech,active,2025-11-09 11:45:03.427010,2025-11-09 11:45:03.427010
user_00200,2025-11-12,full,Rabat,active,2025-11-12 11:45:03.427010,2025-11-12 11:45:03.427010
user_00201,2025-09-21,basic,Rabat,suspended,2025-09-21 11:45:03.427010,2025-09-21 11:45:03.427010
user_00202,2025-11-28,full,Marrakech,active,2025-11-28 11:45:03.427010,2025-11-28 11:45:03.427010
user_00203,2025-09-23,full,Marrakech,active,2025-09-23 11:45:03.427010,2025-09-23 11:45:03.427010
user_00204,2025-09-17,full,Marrakech,active,2025-09-17 11:45:03.427010,2025-09-17 11:45:03.427010
user_00205,2025-12-01,basic,Marrakech,active,2025-12-01 11:45:03.427010,2025-12-01 11:45:03.427010
user_00206,2025-09-24,full,Marrakech,active,2025-09-24 11:45:03.427010,2025-09-24 11:45:03.427010
user_00207,2025-11-12,basic,Casablanca,active,2025-11-12 11:45:03.427010,2025-11-12 11:45:03.427010
user_00208,2025-10-22,full,Casablanca,active,2025-10-22 11:45:03.427010,2025-10-22 11:45:03.427010
user_00209,2025-09-29,basic,Casablanca,suspended,2025-09-29 11:45:03.427010,2025-09-29 11:45:03.427010
user_00210,2025-10-05,full,Marrakech,active,2025-10-05 11:45:03.427010,2025-10-05 11:45:03.427010
user_00211,2025-09-20,basic,Casablanca,active,2025-09-20 11:45:03.427010,2025-09-20 11:45:03.427010
user_00212,2025-12-02,full,Rabat,active,2025-12-02 11:45:03.427010,2025-12-02 11:45:03.427010
user_00213,2025-10-31,basic,Rabat,active,2025-10-31 11:45:03.427010,2025-10-31 11:45:03.427010
user_00214,2025-11-26,basic,Rabat,active,2025-11-26 11:45:03.427010,2025-11-26 11:45:03.427010
user_00215,2025-12-15,basic,Marrakech,active,2025-12-15 11:45:03.427010,2025-12-15 11:45:03.427010
user_00216,2025-12-12,full,Casablanca,active,2025-12-12 11:45:03.427010,2025-12-12 11:45:03.427010
user_00217,2025-11-04,full,Casablanca,active,2025-11-04 11:45:03.427010,2025-11-04 11:45:03.427010
user_00218,2025-11-03,full,Rabat,active,2025-11-03 11:45:03.427010,2025-11-03 11:45:03.427010
user_00219,2025-11-07,full,Marrakech,active,2025-11-07 11:45:03.427010,2025-11-07 11:45:03.427010
user_00220,2025-09-20,basic,Casablanca,active,2025-09-20 11:45:03.427010,2025-09-20 11:45:03.427010
user_00221,2025-11-09,basic,Marrakech,suspended,2025-11-09 11:45:03.427010,2025-11-09 11:45:03.427010
user_00222,2025-10-13,full,Rabat,active,2025-10-13 11:45:03.427010,2025-10-13 11:45:03.427010
user_00223,2025-10-16,full,Rabat,active,2025-10-16 11:45:03.427010,2025-10-16 11:45:03.427010
user_00224,2025-10-02,basic,Casablanca,active,2025-10-02 11:45:03.427010,2025-10-02 11:45:03.427010
user_00225,2025-11-27,full,Rabat,active,2025-11-27 11:45:03.427010,2025-11-27 11:45:03.427010
user_00226,2025-10-18,full,Casablanca,active,2025-10-18 11:45:03.427010,2025-10-18 11:45:03.427010
user_00227,2025-09-21,full,Marrakech,active,2025-09-21 11:45:03.427010,2025-09-21 11:45:03.427010
user_00228,2025-09-29,full,Casablanca,active,2025-09-29 11:45:03.427010,2025-09-29 11:45:03.427010
user_00229,2025-11-05,full,Casablanca,active,2025-11-05 11:45:03.427010,2025-11-05 11:45:03.427010
user_00230,2025-12-03,full,Rabat,active,2025-12-03 11:45:03.427010,2025-12-03 11:45:03.427010
user_00231,2025-10-12,full,Casablanca,active,2025-10-12 11:45:03.427010,2025-10-12 11:45:03.427010
user_00232,2025-12-10,full,Rabat,active,2025-12-10 11:45:03.427010,2025-12-10 11:45:03.427010
user_00233,2025-10-23,basic,Casablanca,active,2025-10-23 11:45:03.427010,2025-10-23 11:45:03.427010
user_00234,2025-11-10,full,Rabat,active,2025-11-10 11:45:03.427010,2025-11-10 11:45:03.427010
user_00235,2025-12-13,basic,Rabat,suspended,2025-12-13 11:45:03.427010,2025-12-13 11:45:03.427010
user_00236,2025-11-10,basic,Marrakech,active,2025-11-10 11:45:03.427010,2025-11-10 11:45:03.427010
user_00237,2025-10-30,full,Casablanca,active,2025-10-30 11:45:03.427010,2025-10-30 11:45:03.427010
user_00238,2025-11-05,full,Casablanca,suspended,2025-11-05 11:45:03.427010,2025-11-05 11:45:03.427010
user_00239,2025-10-26,full,Casablanca,active,2025-10-26 11:45:03.427010,2025-10-26 11:45:03.427010
user_00240,2025-10-26,full,Rabat,active,2025-10-26 11:45:03.427010,2025-10-26 11:45:03.427010
user_00241,2025-11-19,full,Rabat,active,2025-11-19 11:45:03.427010,2025-11-19 11:45:03.427010
user_00242,2025-11-25,basic,Casablanca,active,2025-11-25 11:45:03.427010,2025-11-25 11:45:03.427010
user_00243,2025-10-09,basic,Marrakech,suspended,2025-10-09 11:45:03.427010,2025-10-09 11:45:03.427010
user_00244,2025-10-06,full,Marrakech,active,2025-10-06 11:45:03.427010,2025-10-06 11:45:03.427010
user_00245,2025-09-17,full,Marrakech,active,2025-09-17 11:45:03.427010,2025-09-17 11:45:03.427010
user_00246,2025-11-15,full,Marrakech,active,2025-11-15 11:45:03.427010,2025-11-15 11:45:03.427010
user_00247,2025-12-02,full,Rabat,active,2025-12-02 11:45:03.427010,2025-12-02 11:45:03.427010
user_00248,2025-11-06,full,Casablanca,active,2025-11-06 11:45:03.427010,2025-11-06 11:45:03.427010
user_00249,2025-10-16,full,Marrakech,active,2025-10-16 11:45:03.427010,2025-10-16 11:45:03.427010
user_00250,2025-10-18,full,Rabat,active,2025-10-18 11:45:03.427010,2025-10-18 11:45:03.427010
user_00251,2025-09-24,full,Casablanca,active,2025-09-24 11:45:03.427010,2025-09-24 11:45:03.427010
user_00252,2025-10-22,full,Marrakech,active,2025-10-22 11:45:03.427010,2025-10-22 11:45:03.427010
user_00253,2025-11-08,basic,Marrakech,active,2025-11-08 11:45:03.427010,2025-11-08 11:45:03.427010
user_00254,2025-10-04,full,Rabat,active,2025-10-04 11:45:03.427010,2025-10-04 11:45:03.427010
user_00255,2025-10-13,full,Casablanca,active,2025-10-13 11:45:03.427010,2025-10-13 11:45:03.427010
user_00256,2025-11-01,full,Rabat,active,2025-11-01 11:45:03.427010,2025-11-01 11:45:03.427010
user_00257,2025-11-14,full,Rabat,active,2025-11-14 11:45:03.427010,2025-11-14 11:45:03.427010
user_00258,2025-10-17,full,Rabat,active,2025-10-17 11:45:03.427010,2025-10-17 11:45:03.427010
user_00259,2025-09-23,basic,Rabat,suspended,2025-09-23 11:45:03.427010,2025-09-23 11:45:03.427010
user_00260,2025-09-28,full,Marrakech,active,2025-09-28 11:45:03.427010,2025-09-28 11:45:03.427010
user_00261,2025-10-30,full,Casablanca,active,2025-10-30 11:45:03.427010,2025-10-30 11:45:03.427010
user_00262,2025-11-30,basic,Marrakech,active,2025-11-30 11:45:03.427010,2025-11-30 11:45:03.427010
user_00263,2025-10-14,full,Casablanca,suspended,2025-10-14 11:45:03.427010,2025-10-14 11:45:03.427010
user_00264,2025-12-10,full,Casablanca,active,2025-12-10 11:45:03.427010,2025-12-10 11:45:03.427010
user_00265,2025-10-03,basic,Rabat,active,2025-10-03 11:45:03.427010,2025-10-03 11:45:03.427010
user_00266,2025-10-09,full,Marrakech,active,2025-10-09 11:45:03.427010,2025-10-09 11:45:03.427010
user_00267,2025-10-10,full,Marrakech,active,2025-10-10 11:45:03.427010,2025-10-10 11:45:03.427010
user_00268,2025-10-15,full,Rabat,active,2025-10-15 11:45:03.427010,2025-10-15 11:45:03.427010
user_00269,2025-11-10,basic,Rabat,blocked,2025-11-10 11:45:03.427010,2025-11-10 11:45:03.427010
user_00270,2025-10-28,full,Casablanca,active,2025-10-28 11:45:03.427010,2025-10-28 11:45:03.427010
user_00271,2025-09-30,full,Casablanca,active,2025-09-30 11:45:03.427010,2025-09-30 11:45:03.427010
user_00272,2025-10-13,full,Rabat,active,2025-10-13 11:45:03.427010,2025-10-13 11:45:03.427010
user_00273,2025-10-25,basic,Marrakech,active,2025-10-25 11:45:03.427010,2025-10-25 11:45:03.427010
user_00274,2025-10-13,full,Marrakech,suspended,2025-10-13 11:45:03.427010,2025-10-13 11:45:03.427010
user_00275,2025-11-05,full,Casablanca,suspended,2025-11-05 11:45:03.427010,2025-11-05 11:45:03.427010
user_00276,2025-11-24,full,Casablanca,suspended,2025-11-24 11:45:03.427010,2025-11-24 11:45:03.427010
user_00277,2025-11-29,full,Casablanca,active,2025-11-29 11:45:03.427010,2025-11-29 11:45:03.427010
user_00278,2025-11-26,basic,Casablanca,active,2025-11-26 11:45:03.427010,2025-11-26 11:45:03.427010
user_00279,2025-12-02,basic,Marrakech,active,2025-12-02 11:45:03.427010,2025-12-02 11:45:03.427010
user_00280,2025-09-22,basic,Casablanca,active,2025-09-22 11:45:03.427010,2025-09-22 11:45:03.427010
user_00281,2025-11-03,full,Casablanca,closed,2025-11-03 11:45:03.427010,2025-11-03 11:45:03.427010
user_00282,2025-10-15,full,Rabat,active,2025-10-15 11:45:03.427010,2025-10-15 11:45:03.427010
user_00283,2025-11-30,full,Rabat,suspended,2025-11-30 11:45:03.427010,2025-11-30 11:45:03.427010
user_00284,2025-10-12,basic,Rabat,active,2025-10-12 11:45:03.427010,2025-10-12 11:45:03.427010
user_00285,2025-10-25,full,Marrakech,suspended,2025-10-25 11:45:03.427010,2025-10-25 11:45:03.427010
user_00286,2025-11-23,full,Marrakech,active,2025-11-23 11:45:03.427010,2025-11-23 11:45:03.427010
user_00287,2025-12-07,basic,Marrakech,active,2025-12-07 11:45:03.427010,2025-12-07 11:45:03.427010
user_00288,2025-11-03,full,Marrakech,active,2025-11-03 11:45:03.427010,2025-11-03 11:45:03.427010
user_00289,2025-10-16,full,Marrakech,active,2025-10-16 11:45:03.427010,2025-10-16 11:45:03.427010
user_00290,2025-09-21,full,Casablanca,active,2025-09-21 11:45:03.427010,2025-09-21 11:45:03.427010
user_00291,2025-09-22,full,Marrakech,active,2025-09-22 11:45:03.427010,2025-09-22 11:45:03.427010
user_00292,2025-10-08,basic,Rabat,active,2025-10-08 11:45:03.427010,2025-10-08 11:45:03.427010
user_00293,2025-10-07,basic,Rabat,active,2025-10-07 11:45:03.427010,2025-10-07 11:45:03.427010
user_00294,2025-09-29,full,Casablanca,suspended,2025-09-29 11:45:03.427010,2025-09-29 11:45:03.427010
user_00295,2025-12-03,full,Marrakech,active,2025-12-03 11:45:03.427010,2025-12-03 11:45:03.427010
user_00296,2025-10-25,basic,Casablanca,active,2025-10-25 11:45:03.427010,2025-10-25 11:45:03.427010
user_00297,2025-10-26,full,Casablanca,active,2025-10-26 11:45:03.427010,2025-10-26 11:45:03.427010
user_00298,2025-12-01,full,Casablanca,active,2025-12-01 11:45:03.427010,2025-12-01 11:45:03.427010
user_00299,2025-10-29,full,Casablanca,suspended,2025-10-29 11:45:03.427010,2025-10-29 11:45:03.427010
user_00300,2025-12-10,full,Casablanca,active,2025-12-10 11:45:03.427010,2025-12-10 11:45:03.427010
user_00301,2025-10-30,basic,Rabat,active,2025-10-30 11:45:03.427010,2025-10-30 11:45:03.427010
user_00302,2025-12-02,full,Casablanca,active,2025-12-02 11:45:03.427010,2025-12-02 11:45:03.427010
user_00303,2025-12-03,full,Rabat,active,2025-12-03 11:45:03.427010,2025-12-03 11:45:03.427010
user_00304,2025-10-05,full,Casablanca,active,2025-10-05 11:45:03.427010,2025-10-05 11:45:03.427010
user_00305,2025-10-25,full,Casablanca,active,2025-10-25 11:45:03.427010,2025-10-25 11:45:03.427010
user_00306,2025-11-11,full,Rabat,active,2025-11-11 11:45:03.427010,2025-11-11 11:45:03.427010
user_00307,2025-10-13,basic,Rabat,suspended,2025-10-13 11:45:03.427010,2025-10-13 11:45:03.427010
user_00308,2025-09-18,basic,Rabat,active,2025-09-18 11:45:03.427010,2025-09-18 11:45:03.427010
user_00309,2025-10-17,full,Rabat,active,2025-10-17 11:45:03.427010,2025-10-17 11:45:03.427010
user_00310,2025-09-19,full,Marrakech,active,2025-09-19 11:45:03.427010,2025-09-19 11:45:03.427010
user_00311,2025-11-02,full,Marrakech,closed,2025-11-02 11:45:03.427010,2025-11-02 11:45:03.427010
user_00312,2025-12-11,full,Rabat,active,2025-12-11 11:45:03.427010,2025-12-11 11:45:03.427010
user_00313,2025-10-23,full,Marrakech,active,2025-10-23 11:45:03.427010,2025-10-23 11:45:03.427010
user_00314,2025-10-27,basic,Rabat,active,2025-10-27 11:45:03.427010,2025-10-27 11:45:03.427010
user_00315,2025-12-05,basic,Casablanca,suspended,2025-12-05 11:45:03.427010,2025-12-05 11:45:03.427010
user_00316,2025-10-09,full,Marrakech,active,2025-10-09 11:45:03.427010,2025-10-09 11:45:03.427010
user_00317,2025-10-22,full,Casablanca,active,2025-10-22 11:45:03.427010,2025-10-22 11:45:03.427010
user_00318,2025-10-31,full,Marrakech,active,2025-10-31 11:45:03.427010,2025-10-31 11:45:03.427010
user_00319,2025-10-05,basic,Marrakech,active,2025-10-05 11:45:03.427010,2025-10-05 11:45:03.427010
user_00320,2025-09-25,basic,Casablanca,blocked,2025-09-25 11:45:03.427010,2025-09-25 11:45:03.427010
user_00321,2025-09-23,full,Marrakech,active,2025-09-23 11:45:03.427010,2025-09-23 11:45:03.427010
user_00322,2025-12-15,basic,Casablanca,active,2025-12-15 11:45:03.427010,2025-12-15 11:45:03.427010
user_00323,2025-10-05,full,Marrakech,active,2025-10-05 11:45:03.427010,2025-10-05 11:45:03.427010
user_00324,2025-11-04,basic,Rabat,active,2025-11-04 11:45:03.427010,2025-11-04 11:45:03.427010
user_00325,2025-10-18,full,Casablanca,active,2025-10-18 11:45:03.427010,2025-10-18 11:45:03.427010
user_00326,2025-11-16,full,Casablanca,active,2025-11-16 11:45:03.427010,2025-11-16 11:45:03.427010
user_00327,2025-10-05,full,Marrakech,active,2025-10-05 11:45:03.427010,2025-10-05 11:45:03.427010
user_00328,2025-11-14,full,Marrakech,active,2025-11-14 11:45:03.427010,2025-11-14 11:45:03.427010
user_00329,2025-12-15,basic,Casablanca,active,2025-12-15 11:45:03.427010,2025-12-15 11:45:03.427010
user_00330,2025-10-14,full,Rabat,active,2025-10-14 11:45:03.427010,2025-10-14 11:45:03.427010
user_00331,2025-11-17,full,Marrakech,active,2025-11-17 11:45:03.427010,2025-11-17 11:45:03.427010
user_00332,2025-10-16,full,Rabat,suspended,2025-10-16 11:45:03.427010,2025-10-16 11:45:03.427010
user_00333,2025-09-22,full,Rabat,active,2025-09-22 11:45:03.427010,2025-09-22 11:45:03.427010
user_00334,2025-11-13,basic,Marrakech,active,2025-11-13 11:45:03.427010,2025-11-13 11:45:03.427010
user_00335,2025-11-20,basic,Casablanca,active,2025-11-20 11:45:03.427010,2025-11-20 11:45:03.427010
user_00336,2025-11-06,basic,Marrakech,active,2025-11-06 11:45:03.427010,2025-11-06 11:45:03.427010
user_00337,2025-11-16,basic,Marrakech,active,2025-11-16 11:45:03.427010,2025-11-16 11:45:03.427010
user_00338,2025-10-06,full,Casablanca,active,2025-10-06 11:45:03.427010,2025-10-06 11:45:03.427010
user_00339,2025-12-10,basic,Casablanca,active,2025-12-10 11:45:03.427010,2025-12-10 11:45:03.427010
user_00340,2025-11-12,full,Marrakech,suspended,2025-11-12 11:45:03.427010,2025-11-12 11:45:03.427010
user_00341,2025-12-04,full,Casablanca,active,2025-12-04 11:45:03.427010,2025-12-04 11:45:03.427010
user_00342,2025-11-14,full,Marrakech,active,2025-11-14 11:45:03.427010,2025-11-14 11:45:03.427010
user_00343,2025-10-24,full,Casablanca,active,2025-10-24 11:45:03.427010,2025-10-24 11:45:03.427010
user_00344,2025-10-23,full,Casablanca,suspended,2025-10-23 11:45:03.427010,2025-10-23 11:45:03.427010
user_00345,2025-12-12,full,Marrakech,active,2025-12-12 11:45:03.427010,2025-12-12 11:45:03.427010
user_00346,2025-10-26,full,Casablanca,closed,2025-10-26 11:45:03.427010,2025-10-26 11:45:03.427010
user_00347,2025-11-02,basic,Casablanca,suspended,2025-11-02 11:45:03.427010,2025-11-02 11:45:03.427010
user_00348,2025-10-22,full,Casablanca,active,2025-10-22 11:45:03.427010,2025-10-22 11:45:03.427010
user_00349,2025-10-29,full,Casablanca,active,2025-10-29 11:45:03.427010,2025-10-29 11:45:03.427010
user_00350,2025-11-14,basic,Marrakech,active,2025-11-14 11:45:03.427010,2025-11-14 11:45:03.427010
user_00351,2025-10-15,basic,Casablanca,active,2025-10-15 11:45:03.427010,2025-10-15 11:45:03.427010
user_00352,2025-09-25,full,Rabat,active,2025-09-25 11:45:03.427010,2025-09-25 11:45:03.427010
user_00353,2025-11-11,full,Marrakech,suspended,2025-11-11 11:45:03.427010,2025-11-11 11:45:03.427010
user_00354,2025-12-06,full,Rabat,active,2025-12-06 11:45:03.427010,2025-12-06 11:45:03.427010
user_00355,2025-10-20,full,Marrakech,active,2025-10-20 11:45:03.427010,2025-10-20 11:45:03.427010
user_00356,2025-09-30,full,Marrakech,active,2025-09-30 11:45:03.427010,2025-09-30 11:45:03.427010
user_00357,2025-11-20,full,Marrakech,active,2025-11-20 11:45:03.427010,2025-11-20 11:45:03.427010
user_00358,2025-10-29,full,Marrakech,active,2025-10-29 11:45:03.427010,2025-10-29 11:45:03.427010
user_00359,2025-11-27,full,Marrakech,active,2025-11-27 11:45:03.427010,2025-11-27 11:45:03.427010
user_00360,2025-10-08,full,Rabat,active,2025-10-08 11:45:03.427010,2025-10-08 11:45:03.427010
user_00361,2025-12-04,basic,Rabat,suspended,2025-12-04 11:45:03.427010,2025-12-04 11:45:03.427010
user_00362,2025-11-18,full,Casablanca,active,2025-11-18 11:45:03.427010,2025-11-18 11:45:03.427010
user_00363,2025-09-26,basic,Casablanca,blocked,2025-09-26 11:45:03.427010,2025-09-26 11:45:03.427010
user_00364,2025-09-29,basic,Casablanca,suspended,2025-09-29 11:45:03.427010,2025-09-29 11:45:03.427010
user_00365,2025-11-09,full,Casablanca,active,2025-11-09 11:45:03.427010,2025-11-09 11:45:03.427010
user_00366,2025-11-14,full,Rabat,active,2025-11-14 11:45:03.427010,2025-11-14 11:45:03.427010
user_00367,2025-10-27,full,Marrakech,active,2025-10-27 11:45:03.427010,2025-10-27 11:45:03.427010
user_00368,2025-10-04,basic,Rabat,active,2025-10-04 11:45:03.427010,2025-10-04 11:45:03.427010
user_00369,2025-09-24,basic,Casablanca,closed,2025-09-24 11:45:03.427010,2025-09-24 11:45:03.427010
user_00370,2025-11-25,basic,Casablanca,active,2025-11-25 11:45:03.427010,2025-11-25 11:45:03.427010
user_00371,2025-11-22,full,Casablanca,suspended,2025-11-22 11:45:03.427010,2025-11-22 11:45:03.427010
user_00372,2025-11-09,full,Casablanca,active,2025-11-09 11:45:03.427010,2025-11-09 11:45:03.427010
user_00373,2025-11-29,full,Casablanca,active,2025-11-29 11:45:03.427010,2025-11-29 11:45:03.427010
user_00374,2025-11-27,full,Casablanca,active,2025-11-27 11:45:03.427010,2025-11-27 11:45:03.427010
user_00375,2025-11-05,basic,Rabat,active,2025-11-05 11:45:03.427010,2025-11-05 11:45:03.427010
user_00376,2025-11-18,full,Casablanca,suspended,2025-11-18 11:45:03.427010,2025-11-18 11:45:03.427010
user_00377,2025-11-15,full,Casablanca,active,2025-11-15 11:45:03.427010,2025-11-15 11:45:03.427010
user_00378,2025-09-26,basic,Marrakech,active,2025-09-26 11:45:03.427010,2025-09-26 11:45:03.427010
user_00379,2025-09-29,full,Casablanca,active,2025-09-29 11:45:03.427010,2025-09-29 11:45:03.427010
user_00380,2025-11-29,full,Marrakech,suspended,2025-11-29 11:45:03.427010,2025-11-29 11:45:03.427010
user_00381,2025-10-04,full,Marrakech,active,2025-10-04 11:45:03.427010,2025-10-04 11:45:03.427010
user_00382,2025-09-27,basic,Casablanca,active,2025-09-27 11:45:03.427010,2025-09-27 11:45:03.427010
user_00383,2025-10-25,basic,Casablanca,suspended,2025-10-25 11:45:03.427010,2025-10-25 11:45:03.427010
user_00384,2025-10-08,full,Rabat,active,2025-10-08 11:45:03.427010,2025-10-08 11:45:03.427010
user_00385,2025-10-14,full,Casablanca,suspended,2025-10-14 11:45:03.427010,2025-10-14 11:45:03.427010
user_00386,2025-12-08,basic,Rabat,active,2025-12-08 11:45:03.427010,2025-12-08 11:45:03.427010
user_00387,2025-09-23,basic,Marrakech,active,2025-09-23 11:45:03.427010,2025-09-23 11:45:03.427010
user_00388,2025-09-17,full,Rabat,suspended,2025-09-17 11:45:03.427010,2025-09-17 11:45:03.427010
user_00389,2025-10-09,basic,Rabat,suspended,2025-10-09 11:45:03.427010,2025-10-09 11:45:03.427010
user_00390,2025-10-20,full,Rabat,active,2025-10-20 11:45:03.427010,2025-10-20 11:45:03.427010
user_00391,2025-10-16,full,Casablanca,active,2025-10-16 11:45:03.427010,2025-10-16 11:45:03.427010
user_00392,2025-11-09,full,Marrakech,active,2025-11-09 11:45:03.427010,2025-11-09 11:45:03.427010
user_00393,2025-10-03,full,Rabat,active,2025-10-03 11:45:03.427010,2025-10-03 11:45:03.427010
user_00394,2025-11-03,basic,Marrakech,active,2025-11-03 11:45:03.427010,2025-11-03 11:45:03.427010
user_00395,2025-10-01,full,Casablanca,active,2025-10-01 11:45:03.427010,2025-10-01 11:45:03.427010
user_00396,2025-11-07,full,Casablanca,active,2025-11-07 11:45:03.427010,2025-11-07 11:45:03.427010
user_00397,2025-12-10,full,Rabat,active,2025-12-10 11:45:03.427010,2025-12-10 11:45:03.427010
user_00398,2025-12-16,full,Marrakech,active,2025-12-16 11:45:03.427010,2025-12-16 11:45:03.427010
user_00399,2025-10-05,basic,Casablanca,active,2025-10-05 11:45:03.427010,2025-10-05 11:45:03.427010
user_00400,2025-09-25,full,Casablanca,active,2025-09-25 11:45:03.427010,2025-09-25 11:45:03.427010
user_00401,2025-10-30,full,Marrakech,active,2025-10-30 11:45:03.427010,2025-10-30 11:45:03.427010
user_00402,2025-10-06,full,Rabat,active,2025-10-06 11:45:03.427010,2025-10-06 11:45:03.427010
user_00403,2025-10-16,full,Rabat,active,2025-10-16 11:45:03.427010,2025-10-16 11:45:03.427010
user_00404,2025-11-11,full,Rabat,closed,2025-11-11 11:45:03.427010,2025-11-11 11:45:03.427010
user_00405,2025-10-12,basic,Casablanca,active,2025-10-12 11:45:03.427010,2025-10-12 11:45:03.427010
user_00406,2025-11-14,full,Casablanca,active,2025-11-14 11:45:03.427010,2025-11-14 11:45:03.427010
user_00407,2025-10-26,full,Marrakech,active,2025-10-26 11:45:03.427010,2025-10-26 11:45:03.427010
user_00408,2025-11-29,full,Marrakech,active,2025-11-29 11:45:03.427010,2025-11-29 11:45:03.427010
user_00409,2025-11-11,full,Rabat,active,2025-11-11 11:45:03.427010,2025-11-11 11:45:03.427010
user_00410,2025-12-15,basic,Casablanca,active,2025-12-15 11:45:03.427010,2025-12-15 11:45:03.427010
user_00411,2025-11-20,full,Rabat,active,2025-11-20 11:45:03.427010,2025-11-20 11:45:03.427010
user_00412,2025-09-19,basic,Casablanca,suspended,2025-09-19 11:45:03.427010,2025-09-19 11:45:03.427010
user_00413,2025-11-11,full,Casablanca,active,2025-11-11 11:45:03.427010,2025-11-11 11:45:03.427010
user_00414,2025-10-17,basic,Marrakech,active,2025-10-17 11:45:03.427010,2025-10-17 11:45:03.427010
user_00415,2025-10-21,basic,Rabat,suspended,2025-10-21 11:45:03.427010,2025-10-21 11:45:03.427010
user_00416,2025-11-08,full,Rabat,active,2025-11-08 11:45:03.427010,2025-11-08 11:45:03.427010
user_00417,2025-10-18,basic,Marrakech,closed,2025-10-18 11:45:03.427010,2025-10-18 11:45:03.427010
user_00418,2025-11-07,full,Casablanca,active,2025-11-07 11:45:03.427010,2025-11-07 11:45:03.427010
user_00419,2025-11-17,basic,Marrakech,suspended,2025-11-17 11:45:03.427010,2025-11-17 11:45:03.427010
user_00420,2025-11-09,basic,Marrakech,active,2025-11-09 11:45:03.427010,2025-11-09 11:45:03.427010
user_00421,2025-11-06,basic,Casablanca,suspended,2025-11-06 11:45:03.427010,2025-11-06 11:45:03.427010
user_00422,2025-09-26,basic,Marrakech,active,2025-09-26 11:45:03.427010,2025-09-26 11:45:03.427010
user_00423,2025-12-15,full,Casablanca,active,2025-12-15 11:45:03.427010,2025-12-15 11:45:03.427010
user_00424,2025-10-15,full,Rabat,active,2025-10-15 11:45:03.427010,2025-10-15 11:45:03.427010
user_00425,2025-11-13,full,Marrakech,active,2025-11-13 11:45:03.427010,2025-11-13 11:45:03.427010
user_00426,2025-11-26,full,Rabat,active,2025-11-26 11:45:03.427010,2025-11-26 11:45:03.427010
user_00427,2025-12-08,basic,Marrakech,active,2025-12-08 11:45:03.427010,2025-12-08 11:45:03.427010
user_00428,2025-12-12,basic,Casablanca,suspended,2025-12-12 11:45:03.427010,2025-12-12 11:45:03.427010
user_00429,2025-12-09,full,Marrakech,active,2025-12-09 11:45:03.427010,2025-12-09 11:45:03.427010
user_00430,2025-12-07,full,Casablanca,active,2025-12-07 11:45:03.427010,2025-12-07 11:45:03.427010
user_00431,2025-12-16,full,Marrakech,active,2025-12-16 11:45:03.427010,2025-12-16 11:45:03.427010
user_00432,2025-10-23,full,Casablanca,active,2025-10-23 11:45:03.427010,2025-10-23 11:45:03.427010
user_00433,2025-11-05,full,Rabat,active,2025-11-05 11:45:03.427010,2025-11-05 11:45:03.427010
user_00434,2025-10-11,basic,Casablanca,active,2025-10-11 11:45:03.427010,2025-10-11 11:45:03.427010
user_00435,2025-09-18,basic,Rabat,active,2025-09-18 11:45:03.427010,2025-09-18 11:45:03.427010
user_00436,2025-11-03,full,Marrakech,active,2025-11-03 11:45:03.427010,2025-11-03 11:45:03.427010
user_00437,2025-10-10,full,Marrakech,active,2025-10-10 11:45:03.427010,2025-10-10 11:45:03.427010
user_00438,2025-10-26,full,Rabat,suspended,2025-10-26 11:45:03.427010,2025-10-26 11:45:03.427010
user_00439,2025-09-29,full,Casablanca,active,2025-09-29 11:45:03.427010,2025-09-29 11:45:03.427010
user_00440,2025-10-07,full,Marrakech,active,2025-10-07 11:45:03.427010,2025-10-07 11:45:03.427010
user_00441,2025-11-24,full,Rabat,active,2025-11-24 11:45:03.427010,2025-11-24 11:45:03.427010
user_00442,2025-11-25,full,Marrakech,active,2025-11-25 11:45:03.427010,2025-11-25 11:45:03.427010
user_00443,2025-11-05,full,Casablanca,active,2025-11-05 11:45:03.427010,2025-11-05 11:45:03.427010
user_00444,2025-10-30,full,Rabat,active,2025-10-30 11:45:03.427010,2025-10-30 11:45:03.427010
user_00445,2025-12-07,full,Rabat,active,2025-12-07 11:45:03.427010,2025-12-07 11:45:03.427010
user_00446,2025-12-05,basic,Rabat,suspended,2025-12-05 11:45:03.427010,2025-12-05 11:45:03.427010
user_00447,2025-10-25,full,Rabat,active,2025-10-25 11:45:03.427010,2025-10-25 11:45:03.427010
user_00448,2025-10-27,full,Casablanca,suspended,2025-10-27 11:45:03.427010,2025-10-27 11:45:03.427010
user_00449,2025-12-10,basic,Marrakech,active,2025-12-10 11:45:03.427010,2025-12-10 11:45:03.427010
user_00450,2025-10-15,full,Marrakech,active,2025-10-15 11:45:03.427010,2025-10-15 11:45:03.427010
user_00451,2025-09-23,full,Rabat,active,2025-09-23 11:45:03.427010,2025-09-23 11:45:03.427010
user_00452,2025-10-04,full,Marrakech,active,2025-10-04 11:45:03.427010,2025-10-04 11:45:03.427010
user_00453,2025-10-09,basic,Marrakech,suspended,2025-10-09 11:45:03.427010,2025-10-09 11:45:03.427010
user_00454,2025-12-13,full,Rabat,active,2025-12-13 11:45:03.427010,2025-12-13 11:45:03.427010
user_00455,2025-10-15,basic,Casablanca,suspended,2025-10-15 11:45:03.427010,2025-10-15 11:45:03.427010
user_00456,2025-11-02,full,Casablanca,active,2025-11-02 11:45:03.427010,2025-11-02 11:45:03.427010
user_00457,2025-11-29,basic,Rabat,active,2025-11-29 11:45:03.427010,2025-11-29 11:45:03.427010
user_00458,2025-09-28,full,Rabat,active,2025-09-28 11:45:03.427010,2025-09-28 11:45:03.427010
user_00459,2025-12-13,full,Marrakech,active,2025-12-13 11:45:03.427010,2025-12-13 11:45:03.427010
user_00460,2025-10-23,basic,Casablanca,active,2025-10-23 11:45:03.427010,2025-10-23 11:45:03.427010
user_00461,2025-12-15,full,Rabat,active,2025-12-15 11:45:03.427010,2025-12-15 11:45:03.427010
user_00462,2025-09-27,full,Casablanca,active,2025-09-27 11:45:03.427010,2025-09-27 11:45:03.427010
user_00463,2025-11-21,full,Casablanca,active,2025-11-21 11:45:03.427010,2025-11-21 11:45:03.427010
user_00464,2025-09-25,full,Marrakech,active,2025-09-25 11:45:03.427010,2025-09-25 11:45:03.427010
user_00465,2025-11-17,full,Marrakech,active,2025-11-17 11:45:03.427010,2025-11-17 11:45:03.427010
user_00466,2025-11-22,full,Marrakech,active,2025-11-22 11:45:03.427010,2025-11-22 11:45:03.427010
user_00467,2025-12-03,full,Marrakech,active,2025-12-03 11:45:03.427010,2025-12-03 11:45:03.427010
user_00468,2025-11-09,full,Marrakech,active,2025-11-09 11:45:03.427010,2025-11-09 11:45:03.427010
user_00469,2025-12-14,full,Casablanca,active,2025-12-14 11:45:03.427010,2025-12-14 11:45:03.427010
user_00470,2025-12-16,full,Marrakech,active,2025-12-16 11:45:03.427010,2025-12-16 11:45:03.427010
user_00471,2025-10-30,full,Casablanca,active,2025-10-30 11:45:03.427010,2025-10-30 11:45:03.427010
user_00472,2025-12-06,basic,Marrakech,active,2025-12-06 11:45:03.427010,2025-12-06 11:45:03.427010
user_00473,2025-10-16,full,Casablanca,active,2025-10-16 11:45:03.427010,2025-10-16 11:45:03.427010
user_00474,2025-09-27,full,Rabat,active,2025-09-27 11:45:03.427010,2025-09-27 11:45:03.427010
user_00475,2025-11-05,full,Rabat,active,2025-11-05 11:45:03.427010,2025-11-05 11:45:03.427010
user_00476,2025-10-22,full,Casablanca,active,2025-10-22 11:45:03.427010,2025-10-22 11:45:03.427010
user_00477,2025-12-15,full,Rabat,active,2025-12-15 11:45:03.427010,2025-12-15 11:45:03.427010
user_00478,2025-11-04,full,Marrakech,active,2025-11-04 11:45:03.427010,2025-11-04 11:45:03.427010
user_00479,2025-11-06,basic,Marrakech,blocked,2025-11-06 11:45:03.427010,2025-11-06 11:45:03.427010
user_00480,2025-11-15,full,Casablanca,active,2025-11-15 11:45:03.427010,2025-11-15 11:45:03.427010
user_00481,2025-10-10,basic,Marrakech,blocked,2025-10-10 11:45:03.427010,2025-10-10 11:45:03.427010
user_00482,2025-10-22,full,Marrakech,active,2025-10-22 11:45:03.427010,2025-10-22 11:45:03.427010
user_00483,2025-10-28,basic,Marrakech,suspended,2025-10-28 11:45:03.427010,2025-10-28 11:45:03.427010
user_00484,2025-11-24,full,Marrakech,active,2025-11-24 11:45:03.427010,2025-11-24 11:45:03.427010
user_00485,2025-09-18,basic,Rabat,active,2025-09-18 11:45:03.427010,2025-09-18 11:45:03.427010
user_00486,2025-10-28,full,Rabat,active,2025-10-28 11:45:03.427010,2025-10-28 11:45:03.427010
user_00487,2025-12-01,basic,Marrakech,suspended,2025-12-01 11:45:03.427010,2025-12-01 11:45:03.427010
user_00488,2025-10-09,full,Casablanca,active,2025-10-09 11:45:03.427010,2025-10-09 11:45:03.427010
user_00489,2025-11-10,full,Rabat,active,2025-11-10 11:45:03.427010,2025-11-10 11:45:03.427010
user_00490,2025-11-24,basic,Marrakech,active,2025-11-24 11:45:03.427010,2025-11-24 11:45:03.427010
user_00491,2025-11-16,full,Casablanca,active,2025-11-16 11:45:03.427010,2025-11-16 11:45:03.427010
user_00492,2025-09-24,basic,Marrakech,suspended,2025-09-24 11:45:03.427010,2025-09-24 11:45:03.427010
user_00493,2025-12-07,basic,Rabat,suspended,2025-12-07 11:45:03.427010,2025-12-07 11:45:03.427010
user_00494,2025-11-29,full,Rabat,active,2025-11-29 11:45:03.427010,2025-11-29 11:45:03.427010
user_00495,2025-10-26,basic,Casablanca,active,2025-10-26 11:45:03.427010,2025-10-26 11:45:03.427010
user_00496,2025-09-24,basic,Casablanca,active,2025-09-24 11:45:03.427010,2025-09-24 11:45:03.427010
user_00497,2025-11-10,basic,Rabat,active,2025-11-10 11:45:03.427010,2025-11-10 11:45:03.427010
user_00498,2025-10-11,basic,Rabat,blocked,2025-10-11 11:45:03.427010,2025-10-11 11:45:03.427010
user_00499,2025-10-20,full,Casablanca,active,2025-10-20 11:45:03.427010,2025-10-20 11:45:03.427010
user_00500,2025-10-22,full,Marrakech,active,2025-10-22 11:45:03.427010,2025-10-22 11:45:03.427010
user_00501,2025-11-07,basic,Casablanca,active,2025-11-07 11:45:03.427010,2025-11-07 11:45:03.427010
user_00502,2025-10-10,full,Casablanca,suspended,2025-10-10 11:45:03.427010,2025-10-10 11:45:03.427010
user_00503,2025-11-25,full,Casablanca,active,2025-11-25 11:45:03.427010,2025-11-25 11:45:03.427010
user_00504,2025-12-04,full,Rabat,active,2025-12-04 11:45:03.427010,2025-12-04 11:45:03.427010
user_00505,2025-11-23,basic,Rabat,active,2025-11-23 11:45:03.427010,2025-11-23 11:45:03.427010
user_00506,2025-10-06,full,Casablanca,active,2025-10-06 11:45:03.427010,2025-10-06 11:45:03.427010
user_00507,2025-11-14,full,Marrakech,active,2025-11-14 11:45:03.427010,2025-11-14 11:45:03.427010
user_00508,2025-12-03,full,Marrakech,active,2025-12-03 11:45:03.427010,2025-12-03 11:45:03.427010
user_00509,2025-10-31,full,Casablanca,suspended,2025-10-31 11:45:03.427010,2025-10-31 11:45:03.427010
user_00510,2025-09-18,full,Casablanca,closed,2025-09-18 11:45:03.427010,2025-09-18 11:45:03.427010
user_00511,2025-12-14,full,Rabat,active,2025-12-14 11:45:03.427010,2025-12-14 11:45:03.427010
user_00512,2025-12-12,full,Marrakech,active,2025-12-12 11:45:03.427010,2025-12-12 11:45:03.427010
user_00513,2025-09-18,full,Rabat,active,2025-09-18 11:45:03.427010,2025-09-18 11:45:03.427010
user_00514,2025-11-19,full,Rabat,active,2025-11-19 11:45:03.427010,2025-11-19 11:45:03.427010
user_00515,2025-12-08,basic,Rabat,active,2025-12-08 11:45:03.427010,2025-12-08 11:45:03.427010
user_00516,2025-11-12,full,Casablanca,active,2025-11-12 11:45:03.427010,2025-11-12 11:45:03.427010
user_00517,2025-10-31,full,Rabat,active,2025-10-31 11:45:03.427010,2025-10-31 11:45:03.427010
user_00518,2025-12-14,full,Marrakech,active,2025-12-14 11:45:03.427010,2025-12-14 11:45:03.427010
user_00519,2025-10-12,basic,Rabat,active,2025-10-12 11:45:03.427010,2025-10-12 11:45:03.427010
user_00520,2025-10-19,full,Rabat,active,2025-10-19 11:45:03.427010,2025-10-19 11:45:03.427010
user_00521,2025-11-22,full,Marrakech,active,2025-11-22 11:45:03.427010,2025-11-22 11:45:03.427010
user_00522,2025-12-16,full,Marrakech,active,2025-12-16 11:45:03.427010,2025-12-16 11:45:03.427010
user_00523,2025-09-22,full,Marrakech,active,2025-09-22 11:45:03.427010,2025-09-22 11:45:03.427010
user_00524,2025-10-07,full,Rabat,active,2025-10-07 11:45:03.427010,2025-10-07 11:45:03.427010
user_00525,2025-10-31,basic,Casablanca,suspended,2025-10-31 11:45:03.427010,2025-10-31 11:45:03.427010
user_00526,2025-12-04,full,Rabat,closed,2025-12-04 11:45:03.427010,2025-12-04 11:45:03.427010
user_00527,2025-09-24,full,Casablanca,closed,2025-09-24 11:45:03.427010,2025-09-24 11:45:03.427010
user_00528,2025-09-29,full,Marrakech,active,2025-09-29 11:45:03.427010,2025-09-29 11:45:03.427010
user_00529,2025-10-05,full,Marrakech,active,2025-10-05 11:45:03.427010,2025-10-05 11:45:03.427010
user_00530,2025-10-22,full,Rabat,active,2025-10-22 11:45:03.427010,2025-10-22 11:45:03.427010
user_00531,2025-10-26,basic,Rabat,suspended,2025-10-26 11:45:03.427010,2025-10-26 11:45:03.427010
user_00532,2025-12-07,basic,Marrakech,active,2025-12-07 11:45:03.427010,2025-12-07 11:45:03.427010
user_00533,2025-10-22,full,Marrakech,active,2025-10-22 11:45:03.427010,2025-10-22 11:45:03.427010
user_00534,2025-09-26,full,Casablanca,active,2025-09-26 11:45:03.427010,2025-09-26 11:45:03.427010
user_00535,2025-11-25,full,Marrakech,suspended,2025-11-25 11:45:03.427010,2025-11-25 11:45:03.427010
user_00536,2025-10-08,full,Marrakech,active,2025-10-08 11:45:03.427010,2025-10-08 11:45:03.427010
user_00537,2025-11-01,basic,Casablanca,suspended,2025-11-01 11:45:03.427010,2025-11-01 11:45:03.427010
user_00538,2025-09-24,full,Rabat,closed,2025-09-24 11:45:03.427010,2025-09-24 11:45:03.427010
user_00539,2025-10-30,basic,Casablanca,active,2025-10-30 11:45:03.427010,2025-10-30 11:45:03.427010
user_00540,2025-10-16,full,Marrakech,active,2025-10-16 11:45:03.427010,2025-10-16 11:45:03.427010
user_00541,2025-09-29,full,Marrakech,closed,2025-09-29 11:45:03.427010,2025-09-29 11:45:03.427010
user_00542,2025-11-27,basic,Casablanca,suspended,2025-11-27 11:45:03.427010,2025-11-27 11:45:03.427010
user_00543,2025-10-19,basic,Casablanca,active,2025-10-19 11:45:03.427010,2025-10-19 11:45:03.427010
user_00544,2025-10-26,full,Marrakech,active,2025-10-26 11:45:03.427010,2025-10-26 11:45:03.427010
user_00545,2025-10-02,full,Marrakech,active,2025-10-02 11:45:03.427010,2025-10-02 11:45:03.427010
user_00546,2025-10-03,full,Rabat,active,2025-10-03 11:45:03.427010,2025-10-03 11:45:03.427010
user_00547,2025-12-03,full,Marrakech,active,2025-12-03 11:45:03.427010,2025-12-03 11:45:03.427010
user_00548,2025-10-24,basic,Casablanca,suspended,2025-10-24 11:45:03.427010,2025-10-24 11:45:03.427010
user_00549,2025-12-08,full,Rabat,active,2025-12-08 11:45:03.427010,2025-12-08 11:45:03.427010
user_00550,2025-12-16,full,Rabat,active,2025-12-16 11:45:03.427010,2025-12-16 11:45:03.427010
user_00551,2025-11-23,full,Rabat,active,2025-11-23 11:45:03.427010,2025-11-23 11:45:03.427010
user_00552,2025-09-21,full,Rabat,active,2025-09-21 11:45:03.427010,2025-09-21 11:45:03.427010
user_00553,2025-12-02,basic,Rabat,active,2025-12-02 11:45:03.427010,2025-12-02 11:45:03.427010
user_00554,2025-09-28,full,Rabat,active,2025-09-28 11:45:03.427010,2025-09-28 11:45:03.427010
user_00555,2025-10-19,basic,Marrakech,blocked,2025-10-19 11:45:03.427010,2025-10-19 11:45:03.427010
user_00556,2025-10-09,basic,Rabat,blocked,2025-10-09 11:45:03.427010,2025-10-09 11:45:03.427010
user_00557,2025-10-19,basic,Marrakech,active,2025-10-19 11:45:03.427010,2025-10-19 11:45:03.427010
user_00558,2025-12-01,basic,Rabat,blocked,2025-12-01 11:45:03.427010,2025-12-01 11:45:03.427010
user_00559,2025-12-10,basic,Marrakech,active,2025-12-10 11:45:03.427010,2025-12-10 11:45:03.427010
user_00560,2025-10-04,full,Casablanca,active,2025-10-04 11:45:03.427010,2025-10-04 11:45:03.427010
user_00561,2025-10-18,full,Rabat,active,2025-10-18 11:45:03.427010,2025-10-18 11:45:03.427010
user_00562,2025-11-05,full,Marrakech,active,2025-11-05 11:45:03.427010,2025-11-05 11:45:03.427010
user_00563,2025-11-13,full,Casablanca,active,2025-11-13 11:45:03.427010,2025-11-13 11:45:03.427010
user_00564,2025-10-03,full,Casablanca,active,2025-10-03 11:45:03.427010,2025-10-03 11:45:03.427010
user_00565,2025-10-19,full,Rabat,active,2025-10-19 11:45:03.427010,2025-10-19 11:45:03.427010
user_00566,2025-11-04,full,Marrakech,active,2025-11-04 11:45:03.427010,2025-11-04 11:45:03.427010
user_00567,2025-12-08,full,Rabat,active,2025-12-08 11:45:03.427010,2025-12-08 11:45:03.427010
user_00568,2025-12-03,basic,Casablanca,suspended,2025-12-03 11:45:03.427010,2025-12-03 11:45:03.427010
user_00569,2025-11-30,full,Casablanca,active,2025-11-30 11:45:03.427010,2025-11-30 11:45:03.427010
user_00570,2025-10-17,basic,Casablanca,active,2025-10-17 11:45:03.427010,2025-10-17 11:45:03.427010
user_00571,2025-09-23,basic,Rabat,suspended,2025-09-23 11:45:03.427010,2025-09-23 11:45:03.427010
user_00572,2025-11-21,basic,Rabat,active,2025-11-21 11:45:03.427010,2025-11-21 11:45:03.427010
user_00573,2025-10-05,basic,Casablanca,closed,2025-10-05 11:45:03.427010,2025-10-05 11:45:03.427010
user_00574,2025-10-08,basic,Marrakech,active,2025-10-08 11:45:03.427010,2025-10-08 11:45:03.427010
user_00575,2025-10-17,full,Marrakech,active,2025-10-17 11:45:03.427010,2025-10-17 11:45:03.427010
user_00576,2025-10-07,basic,Marrakech,closed,2025-10-07 11:45:03.427010,2025-10-07 11:45:03.427010
user_00577,2025-12-16,basic,Casablanca,active,2025-12-16 11:45:03.427010,2025-12-16 11:45:03.427010
user_00578,2025-10-08,basic,Casablanca,active,2025-10-08 11:45:03.427010,2025-10-08 11:45:03.427010
user_00579,2025-11-20,full,Casablanca,active,2025-11-20 11:45:03.427010,2025-11-20 11:45:03.427010
user_00580,2025-12-13,full,Casablanca,active,2025-12-13 11:45:03.427010,2025-12-13 11:45:03.427010
user_00581,2025-12-02,full,Marrakech,active,2025-12-02 11:45:03.427010,2025-12-02 11:45:03.427010
user_00582,2025-11-04,full,Marrakech,active,2025-11-04 11:45:03.427010,2025-11-04 11:45:03.427010
user_00583,2025-09-29,basic,Casablanca,active,2025-09-29 11:45:03.427010,2025-09-29 11:45:03.427010
user_00584,2025-10-13,basic,Rabat,active,2025-10-13 11:45:03.427010,2025-10-13 11:45:03.427010
user_00585,2025-11-25,full,Marrakech,active,2025-11-25 11:45:03.427010,2025-11-25 11:45:03.427010
user_00586,2025-09-23,full,Casablanca,active,2025-09-23 11:45:03.427010,2025-09-23 11:45:03.427010
user_00587,2025-11-14,full,Rabat,active,2025-11-14 11:45:03.427010,2025-11-14 11:45:03.427010
user_00588,2025-10-22,full,Marrakech,active,2025-10-22 11:45:03.427010,2025-10-22 11:45:03.427010
user_00589,2025-12-09,full,Rabat,closed,2025-12-09 11:45:03.427010,2025-12-09 11:45:03.427010
user_00590,2025-10-10,full,Marrakech,active,2025-10-10 11:45:03.427010,2025-10-10 11:45:03.427010
user_00591,2025-11-14,full,Rabat,active,2025-11-14 11:45:03.427010,2025-11-14 11:45:03.427010
user_00592,2025-12-14,full,Marrakech,active,2025-12-14 11:45:03.427010,2025-12-14 11:45:03.427010
user_00593,2025-10-14,full,Casablanca,suspended,2025-10-14 11:45:03.427010,2025-10-14 11:45:03.427010
user_00594,2025-10-27,full,Casablanca,closed,2025-10-27 11:45:03.427010,2025-10-27 11:45:03.427010
user_00595,2025-11-22,full,Casablanca,active,2025-11-22 11:45:03.427010,2025-11-22 11:45:03.427010
user_00596,2025-09-22,basic,Casablanca,active,2025-09-22 11:45:03.427010,2025-09-22 11:45:03.427010
user_00597,2025-09-29,full,Marrakech,active,2025-09-29 11:45:03.427010,2025-09-29 11:45:03.427010
user_00598,2025-10-08,full,Casablanca,active,2025-10-08 11:45:03.427010,2025-10-08 11:45:03.427010
user_00599,2025-11-28,full,Rabat,active,2025-11-28 11:45:03.427010,2025-11-28 11:45:03.427010
user_00600,2025-11-13,full,Casablanca,active,2025-11-13 11:45:03.427010,2025-11-13 11:45:03.427010
user_00601,2025-11-14,basic,Rabat,active,2025-11-14 11:45:03.427010,2025-11-14 11:45:03.427010
user_00602,2025-10-02,full,Marrakech,suspended,2025-10-02 11:45:03.427010,2025-10-02 11:45:03.427010
user_00603,2025-12-02,full,Marrakech,active,2025-12-02 11:45:03.427010,2025-12-02 11:45:03.427010
user_00604,2025-11-08,full,Rabat,active,2025-11-08 11:45:03.427010,2025-11-08 11:45:03.427010
user_00605,2025-12-14,basic,Rabat,active,2025-12-14 11:45:03.427010,2025-12-14 11:45:03.427010
user_00606,2025-11-06,basic,Marrakech,active,2025-11-06 11:45:03.427010,2025-11-06 11:45:03.427010
user_00607,2025-10-23,full,Marrakech,active,2025-10-23 11:45:03.427010,2025-10-23 11:45:03.427010
user_00608,2025-11-26,full,Rabat,active,2025-11-26 11:45:03.427010,2025-11-26 11:45:03.427010
user_00609,2025-09-25,basic,Casablanca,active,2025-09-25 11:45:03.427010,2025-09-25 11:45:03.427010
user_00610,2025-12-15,full,Marrakech,active,2025-12-15 11:45:03.427010,2025-12-15 11:45:03.427010
user_00611,2025-09-30,full,Casablanca,active,2025-09-30 11:45:03.427010,2025-09-30 11:45:03.427010
user_00612,2025-11-02,basic,Marrakech,active,2025-11-02 11:45:03.427010,2025-11-02 11:45:03.427010
user_00613,2025-10-12,full,Marrakech,active,2025-10-12 11:45:03.427010,2025-10-12 11:45:03.427010
user_00614,2025-12-10,full,Rabat,active,2025-12-10 11:45:03.427010,2025-12-10 11:45:03.427010
user_00615,2025-09-25,full,Rabat,suspended,2025-09-25 11:45:03.427010,2025-09-25 11:45:03.427010
user_00616,2025-10-19,full,Rabat,active,2025-10-19 11:45:03.427010,2025-10-19 11:45:03.427010
user_00617,2025-12-05,basic,Marrakech,active,2025-12-05 11:45:03.427010,2025-12-05 11:45:03.427010
user_00618,2025-09-20,full,Rabat,active,2025-09-20 11:45:03.427010,2025-09-20 11:45:03.427010
user_00619,2025-11-13,basic,Marrakech,suspended,2025-11-13 11:45:03.427010,2025-11-13 11:45:03.427010
user_00620,2025-10-03,full,Casablanca,active,2025-10-03 11:45:03.427010,2025-10-03 11:45:03.427010
user_00621,2025-11-12,basic,Marrakech,suspended,2025-11-12 11:45:03.427010,2025-11-12 11:45:03.427010
user_00622,2025-09-23,basic,Marrakech,suspended,2025-09-23 11:45:03.427010,2025-09-23 11:45:03.427010
user_00623,2025-09-20,full,Rabat,active,2025-09-20 11:45:03.427010,2025-09-20 11:45:03.427010
user_00624,2025-11-14,basic,Casablanca,active,2025-11-14 11:45:03.427010,2025-11-14 11:45:03.427010
user_00625,2025-10-05,full,Rabat,active,2025-10-05 11:45:03.427010,2025-10-05 11:45:03.427010
user_00626,2025-11-07,full,Casablanca,active,2025-11-07 11:45:03.427010,2025-11-07 11:45:03.427010
user_00627,2025-10-01,full,Casablanca,active,2025-10-01 11:45:03.427010,2025-10-01 11:45:03.427010
user_00628,2025-10-09,basic,Marrakech,active,2025-10-09 11:45:03.427010,2025-10-09 11:45:03.427010
user_00629,2025-10-20,basic,Casablanca,suspended,2025-10-20 11:45:03.427010,2025-10-20 11:45:03.427010
user_00630,2025-10-21,full,Marrakech,active,2025-10-21 11:45:03.427010,2025-10-21 11:45:03.427010
user_00631,2025-10-06,basic,Casablanca,active,2025-10-06 11:45:03.427010,2025-10-06 11:45:03.427010
user_00632,2025-10-15,basic,Casablanca,active,2025-10-15 11:45:03.427010,2025-10-15 11:45:03.427010
user_00633,2025-10-22,basic,Marrakech,active,2025-10-22 11:45:03.427010,2025-10-22 11:45:03.427010
user_00634,2025-10-11,full,Marrakech,active,2025-10-11 11:45:03.427010,2025-10-11 11:45:03.427010
user_00635,2025-10-17,basic,Rabat,active,2025-10-17 11:45:03.427010,2025-10-17 11:45:03.427010
user_00636,2025-12-07,full,Rabat,active,2025-12-07 11:45:03.427010,2025-12-07 11:45:03.427010
user_00637,2025-10-23,full,Marrakech,active,2025-10-23 11:45:03.427010,2025-10-23 11:45:03.427010
user_00638,2025-12-06,full,Marrakech,active,2025-12-06 11:45:03.427010,2025-12-06 11:45:03.427010
user_00639,2025-12-07,full,Casablanca,active,2025-12-07 11:45:03.427010,2025-12-07 11:45:03.427010
user_00640,2025-10-07,full,Casablanca,active,2025-10-07 11:45:03.427010,2025-10-07 11:45:03.427010
user_00641,2025-11-09,full,Casablanca,active,2025-11-09 11:45:03.427010,2025-11-09 11:45:03.427010
user_00642,2025-11-18,full,Casablanca,active,2025-11-18 11:45:03.427010,2025-11-18 11:45:03.427010
user_00643,2025-11-26,basic,Marrakech,active,2025-11-26 11:45:03.427010,2025-11-26 11:45:03.427010
user_00644,2025-09-18,full,Casablanca,active,2025-09-18 11:45:03.427010,2025-09-18 11:45:03.427010
user_00645,2025-10-03,full,Rabat,active,2025-10-03 11:45:03.427010,2025-10-03 11:45:03.427010
user_00646,2025-10-10,full,Marrakech,active,2025-10-10 11:45:03.427010,2025-10-10 11:45:03.427010
user_00647,2025-12-14,basic,Marrakech,active,2025-12-14 11:45:03.427010,2025-12-14 11:45:03.427010
user_00648,2025-11-17,basic,Marrakech,active,2025-11-17 11:45:03.427010,2025-11-17 11:45:03.427010
user_00649,2025-11-22,basic,Casablanca,active,2025-11-22 11:45:03.427010,2025-11-22 11:45:03.427010
user_00650,2025-11-13,full,Rabat,active,2025-11-13 11:45:03.427010,2025-11-13 11:45:03.427010
user_00651,2025-11-07,full,Casablanca,active,2025-11-07 11:45:03.427010,2025-11-07 11:45:03.427010
user_00652,2025-10-10,basic,Marrakech,active,2025-10-10 11:45:03.427010,2025-10-10 11:45:03.427010
user_00653,2025-09-24,full,Rabat,active,2025-09-24 11:45:03.427010,2025-09-24 11:45:03.427010
user_00654,2025-09-17,basic,Casablanca,suspended,2025-09-17 11:45:03.427010,2025-09-17 11:45:03.427010
user_00655,2025-09-30,basic,Rabat,suspended,2025-09-30 11:45:03.427010,2025-09-30 11:45:03.427010
user_00656,2025-09-28,full,Marrakech,active,2025-09-28 11:45:03.427010,2025-09-28 11:45:03.427010
user_00657,2025-12-08,basic,Marrakech,active,2025-12-08 11:45:03.427010,2025-12-08 11:45:03.427010
user_00658,2025-09-30,full,Marrakech,active,2025-09-30 11:45:03.427010,2025-09-30 11:45:03.427010
user_00659,2025-11-27,basic,Marrakech,active,2025-11-27 11:45:03.427010,2025-11-27 11:45:03.427010
user_00660,2025-09-20,basic,Casablanca,active,2025-09-20 11:45:03.427010,2025-09-20 11:45:03.427010
user_00661,2025-11-17,full,Casablanca,active,2025-11-17 11:45:03.427010,2025-11-17 11:45:03.427010
user_00662,2025-11-11,full,Rabat,active,2025-11-11 11:45:03.427010,2025-11-11 11:45:03.427010
user_00663,2025-10-17,basic,Casablanca,blocked,2025-10-17 11:45:03.427010,2025-10-17 11:45:03.427010
user_00664,2025-09-17,full,Casablanca,active,2025-09-17 11:45:03.427010,2025-09-17 11:45:03.427010
user_00665,2025-10-14,basic,Rabat,active,2025-10-14 11:45:03.427010,2025-10-14 11:45:03.427010
user_00666,2025-12-05,full,Rabat,active,2025-12-05 11:45:03.427010,2025-12-05 11:45:03.427010
user_00667,2025-10-07,full,Marrakech,active,2025-10-07 11:45:03.427010,2025-10-07 11:45:03.427010
user_00668,2025-10-27,full,Marrakech,active,2025-10-27 11:45:03.427010,2025-10-27 11:45:03.427010
user_00669,2025-12-14,full,Marrakech,active,2025-12-14 11:45:03.427010,2025-12-14 11:45:03.427010
user_00670,2025-11-11,full,Rabat,active,2025-11-11 11:45:03.427010,2025-11-11 11:45:03.427010
user_00671,2025-12-10,basic,Rabat,active,2025-12-10 11:45:03.427010,2025-12-10 11:45:03.427010
user_00672,2025-09-18,full,Rabat,active,2025-09-18 11:45:03.427010,2025-09-18 11:45:03.427010
user_00673,2025-11-13,full,Marrakech,active,2025-11-13 11:45:03.427010,2025-11-13 11:45:03.427010
user_00674,2025-10-14,full,Marrakech,active,2025-10-14 11:45:03.427010,2025-10-14 11:45:03.427010
user_00675,2025-11-11,basic,Rabat,active,2025-11-11 11:45:03.427010,2025-11-11 11:45:03.427010
user_00676,2025-12-12,basic,Rabat,active,2025-12-12 11:45:03.427010,2025-12-12 11:45:03.427010
user_00677,2025-11-13,basic,Marrakech,active,2025-11-13 11:45:03.427010,2025-11-13 11:45:03.427010
user_00678,2025-11-12,full,Marrakech,active,2025-11-12 11:45:03.427010,2025-11-12 11:45:03.427010
user_00679,2025-12-09,basic,Marrakech,closed,2025-12-09 11:45:03.427010,2025-12-09 11:45:03.427010
user_00680,2025-11-29,full,Marrakech,active,2025-11-29 11:45:03.427010,2025-11-29 11:45:03.427010
user_00681,2025-11-24,full,Marrakech,active,2025-11-24 11:45:03.427010,2025-11-24 11:45:03.427010
user_00682,2025-09-27,full,Casablanca,active,2025-09-27 11:45:03.427010,2025-09-27 11:45:03.427010
user_00683,2025-11-06,basic,Marrakech,active,2025-11-06 11:45:03.427010,2025-11-06 11:45:03.427010
user_00684,2025-11-08,basic,Marrakech,active,2025-11-08 11:45:03.427010,2025-11-08 11:45:03.427010
user_00685,2025-12-05,full,Casablanca,closed,2025-12-05 11:45:03.427010,2025-12-05 11:45:03.427010
user_00686,2025-11-29,full,Casablanca,active,2025-11-29 11:45:03.427010,2025-11-29 11:45:03.427010
user_00687,2025-09-28,full,Marrakech,active,2025-09-28 11:45:03.427010,2025-09-28 11:45:03.427010
user_00688,2025-10-31,basic,Rabat,active,2025-10-31 11:45:03.427010,2025-10-31 11:45:03.427010
user_00689,2025-11-03,full,Rabat,active,2025-11-03 11:45:03.427010,2025-11-03 11:45:03.427010
user_00690,2025-11-28,full,Rabat,active,2025-11-28 11:45:03.427010,2025-11-28 11:45:03.427010
user_00691,2025-10-18,full,Rabat,active,2025-10-18 11:45:03.427010,2025-10-18 11:45:03.427010
user_00692,2025-11-20,full,Casablanca,active,2025-11-20 11:45:03.427010,2025-11-20 11:45:03.427010
user_00693,2025-12-14,full,Rabat,suspended,2025-12-14 11:45:03.427010,2025-12-14 11:45:03.427010
user_00694,2025-11-19,full,Casablanca,active,2025-11-19 11:45:03.427010,2025-11-19 11:45:03.427010
user_00695,2025-11-23,full,Marrakech,active,2025-11-23 11:45:03.427010,2025-11-23 11:45:03.427010
user_00696,2025-10-10,full,Rabat,active,2025-10-10 11:45:03.427010,2025-10-10 11:45:03.427010
user_00697,2025-12-06,basic,Casablanca,active,2025-12-06 11:45:03.427010,2025-12-06 11:45:03.427010
user_00698,2025-11-24,full,Rabat,active,2025-11-24 11:45:03.427010,2025-11-24 11:45:03.427010
user_00699,2025-11-14,full,Marrakech,closed,2025-11-14 11:45:03.427010,2025-11-14 11:45:03.427010
user_00700,2025-12-02,full,Rabat,active,2025-12-02 11:45:03.427010,2025-12-02 11:45:03.427010
user_00701,2025-10-05,basic,Casablanca,active,2025-10-05 11:45:03.427010,2025-10-05 11:45:03.427010
user_00702,2025-10-16,full,Rabat,active,2025-10-16 11:45:03.427010,2025-10-16 11:45:03.427010
user_00703,2025-09-28,full,Marrakech,active,2025-09-28 11:45:03.427010,2025-09-28 11:45:03.427010
user_00704,2025-11-10,basic,Rabat,blocked,2025-11-10 11:45:03.427010,2025-11-10 11:45:03.427010
user_00705,2025-11-06,full,Rabat,active,2025-11-06 11:45:03.427010,2025-11-06 11:45:03.427010
user_00706,2025-11-02,basic,Casablanca,active,2025-11-02 11:45:03.427010,2025-11-02 11:45:03.427010
user_00707,2025-11-26,basic,Rabat,active,2025-11-26 11:45:03.427010,2025-11-26 11:45:03.427010
user_00708,2025-09-28,basic,Casablanca,active,2025-09-28 11:45:03.427010,2025-09-28 11:45:03.427010
user_00709,2025-09-23,basic,Rabat,suspended,2025-09-23 11:45:03.427010,2025-09-23 11:45:03.427010
user_00710,2025-12-01,basic,Casablanca,blocked,2025-12-01 11:45:03.427010,2025-12-01 11:45:03.427010
user_00711,2025-09-25,basic,Rabat,active,2025-09-25 11:45:03.427010,2025-09-25 11:45:03.427010
user_00712,2025-10-23,full,Casablanca,active,2025-10-23 11:45:03.427010,2025-10-23 11:45:03.427010
user_00713,2025-11-27,full,Marrakech,active,2025-11-27 11:45:03.427010,2025-11-27 11:45:03.427010
user_00714,2025-09-17,full,Rabat,active,2025-09-17 11:45:03.427010,2025-09-17 11:45:03.427010
user_00715,2025-12-05,basic,Casablanca,active,2025-12-05 11:45:03.427010,2025-12-05 11:45:03.427010
user_00716,2025-09-26,basic,Rabat,active,2025-09-26 11:45:03.427010,2025-09-26 11:45:03.427010
user_00717,2025-09-21,full,Casablanca,closed,2025-09-21 11:45:03.427010,2025-09-21 11:45:03.427010
user_00718,2025-12-11,full,Marrakech,active,2025-12-11 11:45:03.427010,2025-12-11 11:45:03.427010
user_00719,2025-12-15,basic,Casablanca,suspended,2025-12-15 11:45:03.427010,2025-12-15 11:45:03.427010
user_00720,2025-10-06,basic,Casablanca,active,2025-10-06 11:45:03.427010,2025-10-06 11:45:03.427010
user_00721,2025-09-28,full,Casablanca,active,2025-09-28 11:45:03.427010,2025-09-28 11:45:03.427010
user_00722,2025-10-01,basic,Casablanca,active,2025-10-01 11:45:03.427010,2025-10-01 11:45:03.427010
user_00723,2025-12-05,full,Casablanca,active,2025-12-05 11:45:03.427010,2025-12-05 11:45:03.427010
user_00724,2025-11-16,full,Casablanca,active,2025-11-16 11:45:03.427010,2025-11-16 11:45:03.427010
user_00725,2025-10-06,full,Marrakech,active,2025-10-06 11:45:03.427010,2025-10-06 11:45:03.427010
user_00726,2025-11-21,basic,Casablanca,active,2025-11-21 11:45:03.427010,2025-11-21 11:45:03.427010
user_00727,2025-11-01,full,Rabat,active,2025-11-01 11:45:03.427010,2025-11-01 11:45:03.427010
user_00728,2025-11-29,basic,Rabat,active,2025-11-29 11:45:03.427010,2025-11-29 11:45:03.427010
user_00729,2025-09-19,full,Rabat,active,2025-09-19 11:45:03.427010,2025-09-19 11:45:03.427010
user_00730,2025-11-22,basic,Rabat,active,2025-11-22 11:45:03.427010,2025-11-22 11:45:03.427010
user_00731,2025-10-07,full,Rabat,active,2025-10-07 11:45:03.427010,2025-10-07 11:45:03.427010
user_00732,2025-12-10,full,Casablanca,active,2025-12-10 11:45:03.427010,2025-12-10 11:45:03.427010
user_00733,2025-10-14,basic,Casablanca,active,2025-10-14 11:45:03.427010,2025-10-14 11:45:03.427010
user_00734,2025-10-03,basic,Rabat,active,2025-10-03 11:45:03.427010,2025-10-03 11:45:03.427010
user_00735,2025-09-22,full,Marrakech,active,2025-09-22 11:45:03.427010,2025-09-22 11:45:03.427010
user_00736,2025-12-13,full,Marrakech,suspended,2025-12-13 11:45:03.427010,2025-12-13 11:45:03.427010
user_00737,2025-10-03,full,Casablanca,active,2025-10-03 11:45:03.427010,2025-10-03 11:45:03.427010
user_00738,2025-10-02,full,Rabat,active,2025-10-02 11:45:03.427010,2025-10-02 11:45:03.427010
user_00739,2025-09-28,full,Marrakech,active,2025-09-28 11:45:03.427010,2025-09-28 11:45:03.427010
user_00740,2025-10-17,full,Casablanca,active,2025-10-17 11:45:03.427010,2025-10-17 11:45:03.427010
user_00741,2025-11-01,full,Marrakech,active,2025-11-01 11:45:03.427010,2025-11-01 11:45:03.427010
user_00742,2025-12-09,basic,Casablanca,active,2025-12-09 11:45:03.427010,2025-12-09 11:45:03.427010
user_00743,2025-11-16,full,Rabat,active,2025-11-16 11:45:03.427010,2025-11-16 11:45:03.427010
user_00744,2025-12-11,full,Rabat,active,2025-12-11 11:45:03.427010,2025-12-11 11:45:03.427010
user_00745,2025-12-03,full,Rabat,active,2025-12-03 11:45:03.427010,2025-12-03 11:45:03.427010
user_00746,2025-11-05,full,Casablanca,active,2025-11-05 11:45:03.427010,2025-11-05 11:45:03.427010
user_00747,2025-09-19,basic,Rabat,active,2025-09-19 11:45:03.427010,2025-09-19 11:45:03.427010
user_00748,2025-10-17,full,Rabat,suspended,2025-10-17 11:45:03.427010,2025-10-17 11:45:03.427010
user_00749,2025-12-16,basic,Rabat,active,2025-12-16 11:45:03.427010,2025-12-16 11:45:03.427010
user_00750,2025-11-19,full,Marrakech,closed,2025-11-19 11:45:03.427010,2025-11-19 11:45:03.427010
user_00751,2025-10-13,basic,Casablanca,active,2025-10-13 11:45:03.427010,2025-10-13 11:45:03.427010
user_00752,2025-12-07,full,Rabat,active,2025-12-07 11:45:03.427010,2025-12-07 11:45:03.427010
user_00753,2025-09-19,full,Rabat,active,2025-09-19 11:45:03.427010,2025-09-19 11:45:03.427010
user_00754,2025-10-22,basic,Casablanca,suspended,2025-10-22 11:45:03.427010,2025-10-22 11:45:03.427010
user_00755,2025-09-24,basic,Casablanca,active,2025-09-24 11:45:03.427010,2025-09-24 11:45:03.427010
user_00756,2025-10-24,full,Marrakech,active,2025-10-24 11:45:03.427010,2025-10-24 11:45:03.427010
user_00757,2025-11-22,basic,Rabat,active,2025-11-22 11:45:03.427010,2025-11-22 11:45:03.427010
user_00758,2025-12-04,full,Rabat,active,2025-12-04 11:45:03.427010,2025-12-04 11:45:03.427010
user_00759,2025-09-30,full,Casablanca,active,2025-09-30 11:45:03.427010,2025-09-30 11:45:03.427010
user_00760,2025-10-05,full,Casablanca,active,2025-10-05 11:45:03.427010,2025-10-05 11:45:03.427010
user_00761,2025-10-09,full,Casablanca,active,2025-10-09 11:45:03.427010,2025-10-09 11:45:03.427010
user_00762,2025-12-14,full,Casablanca,suspended,2025-12-14 11:45:03.427010,2025-12-14 11:45:03.427010
user_00763,2025-09-30,basic,Rabat,active,2025-09-30 11:45:03.427010,2025-09-30 11:45:03.427010
user_00764,2025-11-14,basic,Casablanca,active,2025-11-14 11:45:03.427010,2025-11-14 11:45:03.427010
user_00765,2025-11-30,full,Marrakech,active,2025-11-30 11:45:03.427010,2025-11-30 11:45:03.427010
user_00766,2025-12-10,full,Casablanca,active,2025-12-10 11:45:03.427010,2025-12-10 11:45:03.427010
user_00767,2025-11-26,full,Marrakech,closed,2025-11-26 11:45:03.427010,2025-11-26 11:45:03.427010
user_00768,2025-12-04,full,Casablanca,active,2025-12-04 11:45:03.427010,2025-12-04 11:45:03.427010
user_00769,2025-10-12,full,Marrakech,active,2025-10-12 11:45:03.427010,2025-10-12 11:45:03.427010
user_00770,2025-09-28,full,Casablanca,active,2025-09-28 11:45:03.427010,2025-09-28 11:45:03.427010
user_00771,2025-10-10,full,Rabat,active,2025-10-10 11:45:03.427010,2025-10-10 11:45:03.427010
user_00772,2025-10-13,basic,Casablanca,suspended,2025-10-13 11:45:03.427010,2025-10-13 11:45:03.427010
user_00773,2025-11-13,full,Marrakech,active,2025-11-13 11:45:03.427010,2025-11-13 11:45:03.427010
user_00774,2025-11-22,basic,Rabat,active,2025-11-22 11:45:03.427010,2025-11-22 11:45:03.427010
user_00775,2025-10-23,basic,Rabat,active,2025-10-23 11:45:03.427010,2025-10-23 11:45:03.427010
user_00776,2025-12-15,full,Marrakech,active,2025-12-15 11:45:03.427010,2025-12-15 11:45:03.427010
user_00777,2025-11-15,basic,Casablanca,closed,2025-11-15 11:45:03.427010,2025-11-15 11:45:03.427010
user_00778,2025-09-20,full,Marrakech,active,2025-09-20 11:45:03.427010,2025-09-20 11:45:03.427010
user_00779,2025-09-29,full,Casablanca,active,2025-09-29 11:45:03.427010,2025-09-29 11:45:03.427010
user_00780,2025-11-12,full,Casablanca,active,2025-11-12 11:45:03.427010,2025-11-12 11:45:03.427010
user_00781,2025-10-05,full,Casablanca,suspended,2025-10-05 11:45:03.427010,2025-10-05 11:45:03.427010
user_00782,2025-10-05,basic,Casablanca,active,2025-10-05 11:45:03.427010,2025-10-05 11:45:03.427010
user_00783,2025-09-26,full,Marrakech,active,2025-09-26 11:45:03.427010,2025-09-26 11:45:03.427010
user_00784,2025-11-18,full,Rabat,suspended,2025-11-18 11:45:03.427010,2025-11-18 11:45:03.427010
user_00785,2025-09-21,basic,Marrakech,active,2025-09-21 11:45:03.427010,2025-09-21 11:45:03.427010
user_00786,2025-10-11,full,Rabat,active,2025-10-11 11:45:03.427010,2025-10-11 11:45:03.427010
user_00787,2025-12-14,basic,Casablanca,suspended,2025-12-14 11:45:03.427010,2025-12-14 11:45:03.427010
user_00788,2025-11-28,basic,Casablanca,active,2025-11-28 11:45:03.427010,2025-11-28 11:45:03.427010
user_00789,2025-11-29,basic,Rabat,active,2025-11-29 11:45:03.427010,2025-11-29 11:45:03.427010
user_00790,2025-09-29,basic,Rabat,active,2025-09-29 11:45:03.427010,2025-09-29 11:45:03.427010
user_00791,2025-10-05,basic,Casablanca,active,2025-10-05 11:45:03.427010,2025-10-05 11:45:03.427010
user_00792,2025-09-29,basic,Marrakech,active,2025-09-29 11:45:03.427010,2025-09-29 11:45:03.427010
user_00793,2025-12-04,full,Casablanca,closed,2025-12-04 11:45:03.427010,2025-12-04 11:45:03.427010
user_00794,2025-12-09,basic,Casablanca,active,2025-12-09 11:45:03.427010,2025-12-09 11:45:03.427010
user_00795,2025-11-15,basic,Rabat,active,2025-11-15 11:45:03.427010,2025-11-15 11:45:03.427010
user_00796,2025-12-03,full,Marrakech,active,2025-12-03 11:45:03.427010,2025-12-03 11:45:03.427010
user_00797,2025-10-13,full,Casablanca,active,2025-10-13 11:45:03.427010,2025-10-13 11:45:03.427010
user_00798,2025-10-14,basic,Marrakech,active,2025-10-14 11:45:03.427010,2025-10-14 11:45:03.427010
user_00799,2025-10-19,full,Marrakech,active,2025-10-19 11:45:03.427010,2025-10-19 11:45:03.427010
user_00800,2025-12-03,full,Marrakech,closed,2025-12-03 11:45:03.427010,2025-12-03 11:45:03.427010
user_00801,2025-11-06,basic,Marrakech,active,2025-11-06 11:45:03.427010,2025-11-06 11:45:03.427010
user_00802,2025-11-18,full,Marrakech,active,2025-11-18 11:45:03.427010,2025-11-18 11:45:03.427010
user_00803,2025-12-15,full,Casablanca,active,2025-12-15 11:45:03.427010,2025-12-15 11:45:03.427010
user_00804,2025-10-04,full,Casablanca,active,2025-10-04 11:45:03.427010,2025-10-04 11:45:03.427010
user_00805,2025-10-15,full,Marrakech,active,2025-10-15 11:45:03.427010,2025-10-15 11:45:03.427010
user_00806,2025-12-14,full,Rabat,active,2025-12-14 11:45:03.427010,2025-12-14 11:45:03.427010
user_00807,2025-12-16,full,Rabat,suspended,2025-12-16 11:45:03.427010,2025-12-16 11:45:03.427010
user_00808,2025-11-28,basic,Casablanca,active,2025-11-28 11:45:03.427010,2025-11-28 11:45:03.427010
user_00809,2025-11-05,full,Marrakech,active,2025-11-05 11:45:03.427010,2025-11-05 11:45:03.427010
user_00810,2025-11-08,basic,Marrakech,active,2025-11-08 11:45:03.427010,2025-11-08 11:45:03.427010
user_00811,2025-12-13,basic,Rabat,blocked,2025-12-13 11:45:03.427010,2025-12-13 11:45:03.427010
user_00812,2025-10-24,full,Casablanca,active,2025-10-24 11:45:03.427010,2025-10-24 11:45:03.427010
user_00813,2025-09-20,full,Rabat,active,2025-09-20 11:45:03.427010,2025-09-20 11:45:03.427010
user_00814,2025-12-09,basic,Rabat,active,2025-12-09 11:45:03.427010,2025-12-09 11:45:03.427010
user_00815,2025-10-12,full,Marrakech,active,2025-10-12 11:45:03.427010,2025-10-12 11:45:03.427010
user_00816,2025-10-03,full,Casablanca,active,2025-10-03 11:45:03.427010,2025-10-03 11:45:03.427010
user_00817,2025-11-18,full,Rabat,active,2025-11-18 11:45:03.427010,2025-11-18 11:45:03.427010
user_00818,2025-11-29,basic,Rabat,active,2025-11-29 11:45:03.427010,2025-11-29 11:45:03.427010
user_00819,2025-12-13,full,Marrakech,active,2025-12-13 11:45:03.427010,2025-12-13 11:45:03.427010
user_00820,2025-12-12,full,Marrakech,suspended,2025-12-12 11:45:03.427010,2025-12-12 11:45:03.427010
user_00821,2025-11-13,basic,Marrakech,active,2025-11-13 11:45:03.427010,2025-11-13 11:45:03.427010
user_00822,2025-11-14,full,Marrakech,active,2025-11-14 11:45:03.427010,2025-11-14 11:45:03.427010
user_00823,2025-10-13,full,Marrakech,active,2025-10-13 11:45:03.427010,2025-10-13 11:45:03.427010
user_00824,2025-11-19,full,Rabat,suspended,2025-11-19 11:45:03.427010,2025-11-19 11:45:03.427010
user_00825,2025-10-22,full,Marrakech,active,2025-10-22 11:45:03.427010,2025-10-22 11:45:03.427010
user_00826,2025-11-09,full,Casablanca,active,2025-11-09 11:45:03.427010,2025-11-09 11:45:03.427010
user_00827,2025-12-15,full,Marrakech,active,2025-12-15 11:45:03.427010,2025-12-15 11:45:03.427010
user_00828,2025-09-23,basic,Rabat,suspended,2025-09-23 11:45:03.427010,2025-09-23 11:45:03.427010
user_00829,2025-11-16,full,Casablanca,active,2025-11-16 11:45:03.427010,2025-11-16 11:45:03.427010
user_00830,2025-10-30,full,Rabat,closed,2025-10-30 11:45:03.427010,2025-10-30 11:45:03.427010
user_00831,2025-09-30,basic,Casablanca,active,2025-09-30 11:45:03.427010,2025-09-30 11:45:03.427010
user_00832,2025-10-23,basic,Rabat,active,2025-10-23 11:45:03.427010,2025-10-23 11:45:03.427010
user_00833,2025-10-25,full,Casablanca,active,2025-10-25 11:45:03.427010,2025-10-25 11:45:03.427010
user_00834,2025-11-10,basic,Marrakech,active,2025-11-10 11:45:03.427010,2025-11-10 11:45:03.427010
user_00835,2025-10-13,full,Casablanca,active,2025-10-13 11:45:03.427010,2025-10-13 11:45:03.427010
user_00836,2025-10-22,basic,Casablanca,active,2025-10-22 11:45:03.427010,2025-10-22 11:45:03.427010
user_00837,2025-10-17,full,Casablanca,active,2025-10-17 11:45:03.427010,2025-10-17 11:45:03.427010
user_00838,2025-09-21,full,Rabat,closed,2025-09-21 11:45:03.427010,2025-09-21 11:45:03.427010
user_00839,2025-11-28,full,Marrakech,suspended,2025-11-28 11:45:03.427010,2025-11-28 11:45:03.427010
user_00840,2025-10-22,full,Casablanca,active,2025-10-22 11:45:03.427010,2025-10-22 11:45:03.427010
user_00841,2025-11-18,basic,Marrakech,active,2025-11-18 11:45:03.427010,2025-11-18 11:45:03.427010
user_00842,2025-11-05,full,Rabat,active,2025-11-05 11:45:03.427010,2025-11-05 11:45:03.427010
user_00843,2025-11-27,basic,Marrakech,suspended,2025-11-27 11:45:03.427010,2025-11-27 11:45:03.427010
user_00844,2025-12-01,full,Marrakech,active,2025-12-01 11:45:03.427010,2025-12-01 11:45:03.427010
user_00845,2025-11-29,full,Marrakech,active,2025-11-29 11:45:03.427010,2025-11-29 11:45:03.427010
user_00846,2025-11-27,full,Rabat,active,2025-11-27 11:45:03.427010,2025-11-27 11:45:03.427010
user_00847,2025-11-17,basic,Rabat,active,2025-11-17 11:45:03.427010,2025-11-17 11:45:03.427010
user_00848,2025-11-04,full,Casablanca,suspended,2025-11-04 11:45:03.427010,2025-11-04 11:45:03.427010
user_00849,2025-11-20,full,Rabat,active,2025-11-20 11:45:03.427010,2025-11-20 11:45:03.427010
user_00850,2025-11-22,basic,Marrakech,suspended,2025-11-22 11:45:03.427010,2025-11-22 11:45:03.427010
user_00851,2025-10-31,basic,Casablanca,closed,2025-10-31 11:45:03.427010,2025-10-31 11:45:03.427010
user_00852,2025-12-06,full,Rabat,active,2025-12-06 11:45:03.427010,2025-12-06 11:45:03.427010
user_00853,2025-10-06,basic,Marrakech,active,2025-10-06 11:45:03.427010,2025-10-06 11:45:03.427010
user_00854,2025-09-26,full,Rabat,closed,2025-09-26 11:45:03.427010,2025-09-26 11:45:03.427010
user_00855,2025-09-21,full,Rabat,active,2025-09-21 11:45:03.427010,2025-09-21 11:45:03.427010
user_00856,2025-11-03,full,Casablanca,active,2025-11-03 11:45:03.427010,2025-11-03 11:45:03.427010
user_00857,2025-09-26,full,Marrakech,active,2025-09-26 11:45:03.427010,2025-09-26 11:45:03.427010
user_00858,2025-11-27,full,Casablanca,active,2025-11-27 11:45:03.427010,2025-11-27 11:45:03.427010
user_00859,2025-11-02,basic,Marrakech,active,2025-11-02 11:45:03.427010,2025-11-02 11:45:03.427010
user_00860,2025-11-11,full,Marrakech,active,2025-11-11 11:45:03.427010,2025-11-11 11:45:03.427010
user_00861,2025-11-19,basic,Casablanca,active,2025-11-19 11:45:03.427010,2025-11-19 11:45:03.427010
user_00862,2025-10-12,full,Casablanca,active,2025-10-12 11:45:03.427010,2025-10-12 11:45:03.427010
user_00863,2025-11-17,full,Rabat,active,2025-11-17 11:45:03.427010,2025-11-17 11:45:03.427010
user_00864,2025-11-24,full,Rabat,active,2025-11-24 11:45:03.427010,2025-11-24 11:45:03.427010
user_00865,2025-11-10,basic,Casablanca,closed,2025-11-10 11:45:03.427010,2025-11-10 11:45:03.427010
user_00866,2025-10-30,basic,Rabat,active,2025-10-30 11:45:03.427010,2025-10-30 11:45:03.427010
user_00867,2025-11-12,full,Casablanca,active,2025-11-12 11:45:03.427010,2025-11-12 11:45:03.427010
user_00868,2025-11-02,basic,Casablanca,active,2025-11-02 11:45:03.427010,2025-11-02 11:45:03.427010
user_00869,2025-11-14,full,Rabat,active,2025-11-14 11:45:03.427010,2025-11-14 11:45:03.427010
user_00870,2025-10-24,basic,Casablanca,blocked,2025-10-24 11:45:03.427010,2025-10-24 11:45:03.427010
user_00871,2025-11-08,basic,Rabat,blocked,2025-11-08 11:45:03.427010,2025-11-08 11:45:03.427010
user_00872,2025-10-04,full,Marrakech,active,2025-10-04 11:45:03.427010,2025-10-04 11:45:03.427010
user_00873,2025-12-13,full,Casablanca,suspended,2025-12-13 11:45:03.427010,2025-12-13 11:45:03.427010
user_00874,2025-10-30,basic,Rabat,suspended,2025-10-30 11:45:03.427010,2025-10-30 11:45:03.427010
user_00875,2025-12-05,full,Rabat,active,2025-12-05 11:45:03.427010,2025-12-05 11:45:03.427010
user_00876,2025-12-09,basic,Casablanca,active,2025-12-09 11:45:03.427010,2025-12-09 11:45:03.427010
user_00877,2025-11-26,basic,Casablanca,active,2025-11-26 11:45:03.427010,2025-11-26 11:45:03.427010
user_00878,2025-09-28,basic,Marrakech,blocked,2025-09-28 11:45:03.427010,2025-09-28 11:45:03.427010
user_00879,2025-11-24,full,Marrakech,closed,2025-11-24 11:45:03.427010,2025-11-24 11:45:03.427010
user_00880,2025-12-02,basic,Marrakech,closed,2025-12-02 11:45:03.427010,2025-12-02 11:45:03.427010
user_00881,2025-10-14,full,Rabat,suspended,2025-10-14 11:45:03.427010,2025-10-14 11:45:03.427010
user_00882,2025-11-11,full,Marrakech,active,2025-11-11 11:45:03.427010,2025-11-11 11:45:03.427010
user_00883,2025-10-18,basic,Rabat,closed,2025-10-18 11:45:03.427010,2025-10-18 11:45:03.427010
user_00884,2025-12-12,full,Rabat,active,2025-12-12 11:45:03.427010,2025-12-12 11:45:03.427010
user_00885,2025-10-19,full,Casablanca,active,2025-10-19 11:45:03.427010,2025-10-19 11:45:03.427010
user_00886,2025-11-28,full,Casablanca,active,2025-11-28 11:45:03.427010,2025-11-28 11:45:03.427010
user_00887,2025-10-28,full,Rabat,active,2025-10-28 11:45:03.427010,2025-10-28 11:45:03.427010
user_00888,2025-11-04,full,Casablanca,active,2025-11-04 11:45:03.427010,2025-11-04 11:45:03.427010
user_00889,2025-12-16,full,Marrakech,active,2025-12-16 11:45:03.427010,2025-12-16 11:45:03.427010
user_00890,2025-10-09,basic,Marrakech,active,2025-10-09 11:45:03.427010,2025-10-09 11:45:03.427010
user_00891,2025-11-27,full,Casablanca,active,2025-11-27 11:45:03.427010,2025-11-27 11:45:03.427010
user_00892,2025-11-02,basic,Rabat,active,2025-11-02 11:45:03.427010,2025-11-02 11:45:03.427010
user_00893,2025-12-02,basic,Marrakech,active,2025-12-02 11:45:03.427010,2025-12-02 11:45:03.427010
user_00894,2025-10-29,full,Rabat,active,2025-10-29 11:45:03.427010,2025-10-29 11:45:03.427010
user_00895,2025-11-09,basic,Casablanca,active,2025-11-09 11:45:03.427010,2025-11-09 11:45:03.427010
user_00896,2025-09-23,full,Marrakech,active,2025-09-23 11:45:03.427010,2025-09-23 11:45:03.427010
user_00897,2025-11-17,full,Casablanca,active,2025-11-17 11:45:03.427010,2025-11-17 11:45:03.427010
user_00898,2025-12-04,full,Marrakech,active,2025-12-04 11:45:03.427010,2025-12-04 11:45:03.427010
user_00899,2025-10-02,full,Casablanca,active,2025-10-02 11:45:03.427010,2025-10-02 11:45:03.427010
user_00900,2025-12-08,basic,Casablanca,active,2025-12-08 11:45:03.427010,2025-12-08 11:45:03.427010
user_00901,2025-12-13,full,Rabat,active,2025-12-13 11:45:03.427010,2025-12-13 11:45:03.427010
user_00902,2025-10-24,basic,Marrakech,active,2025-10-24 11:45:03.427010,2025-10-24 11:45:03.427010
user_00903,2025-09-17,full,Rabat,active,2025-09-17 11:45:03.427010,2025-09-17 11:45:03.427010
user_00904,2025-11-24,full,Marrakech,active,2025-11-24 11:45:03.427010,2025-11-24 11:45:03.427010
user_00905,2025-11-07,full,Rabat,suspended,2025-11-07 11:45:03.427010,2025-11-07 11:45:03.427010
user_00906,2025-11-09,full,Casablanca,closed,2025-11-09 11:45:03.427010,2025-11-09 11:45:03.427010
user_00907,2025-12-02,basic,Casablanca,suspended,2025-12-02 11:45:03.427010,2025-12-02 11:45:03.427010
user_00908,2025-11-05,full,Rabat,active,2025-11-05 11:45:03.427010,2025-11-05 11:45:03.427010
user_00909,2025-10-26,full,Casablanca,active,2025-10-26 11:45:03.427010,2025-10-26 11:45:03.427010
user_00910,2025-09-21,full,Marrakech,active,2025-09-21 11:45:03.427010,2025-09-21 11:45:03.427010
user_00911,2025-10-24,basic,Rabat,closed,2025-10-24 11:45:03.427010,2025-10-24 11:45:03.427010
user_00912,2025-10-22,full,Marrakech,active,2025-10-22 11:45:03.427010,2025-10-22 11:45:03.427010
user_00913,2025-10-31,full,Marrakech,active,2025-10-31 11:45:03.427010,2025-10-31 11:45:03.427010
user_00914,2025-09-30,full,Rabat,active,2025-09-30 11:45:03.427010,2025-09-30 11:45:03.427010
user_00915,2025-12-13,full,Marrakech,suspended,2025-12-13 11:45:03.427010,2025-12-13 11:45:03.427010
user_00916,2025-12-06,basic,Rabat,active,2025-12-06 11:45:03.427010,2025-12-06 11:45:03.427010
user_00917,2025-09-22,full,Rabat,active,2025-09-22 11:45:03.427010,2025-09-22 11:45:03.427010
user_00918,2025-10-19,full,Casablanca,suspended,2025-10-19 11:45:03.427010,2025-10-19 11:45:03.427010
user_00919,2025-12-08,full,Rabat,active,2025-12-08 11:45:03.427010,2025-12-08 11:45:03.427010
user_00920,2025-11-10,full,Casablanca,active,2025-11-10 11:45:03.427010,2025-11-10 11:45:03.427010
user_00921,2025-10-18,basic,Casablanca,blocked,2025-10-18 11:45:03.427010,2025-10-18 11:45:03.427010
user_00922,2025-12-02,full,Rabat,active,2025-12-02 11:45:03.427010,2025-12-02 11:45:03.427010
user_00923,2025-09-18,full,Marrakech,suspended,2025-09-18 11:45:03.427010,2025-09-18 11:45:03.427010
user_00924,2025-12-14,basic,Marrakech,active,2025-12-14 11:45:03.427010,2025-12-14 11:45:03.427010
user_00925,2025-09-19,basic,Rabat,active,2025-09-19 11:45:03.427010,2025-09-19 11:45:03.427010
user_00926,2025-12-02,full,Marrakech,active,2025-12-02 11:45:03.427010,2025-12-02 11:45:03.427010
user_00927,2025-10-31,full,Casablanca,closed,2025-10-31 11:45:03.427010,2025-10-31 11:45:03.427010
user_00928,2025-09-18,basic,Casablanca,blocked,2025-09-18 11:45:03.427010,2025-09-18 11:45:03.427010
user_00929,2025-10-23,full,Rabat,active,2025-10-23 11:45:03.427010,2025-10-23 11:45:03.427010
user_00930,2025-12-11,full,Casablanca,active,2025-12-11 11:45:03.427010,2025-12-11 11:45:03.427010
user_00931,2025-10-03,full,Marrakech,active,2025-10-03 11:45:03.427010,2025-10-03 11:45:03.427010
user_00932,2025-10-31,full,Casablanca,active,2025-10-31 11:45:03.427010,2025-10-31 11:45:03.427010
user_00933,2025-10-10,full,Marrakech,active,2025-10-10 11:45:03.427010,2025-10-10 11:45:03.427010
user_00934,2025-09-17,full,Casablanca,active,2025-09-17 11:45:03.427010,2025-09-17 11:45:03.427010
user_00935,2025-12-07,full,Marrakech,active,2025-12-07 11:45:03.427010,2025-12-07 11:45:03.427010
user_00936,2025-11-11,full,Marrakech,active,2025-11-11 11:45:03.427010,2025-11-11 11:45:03.427010
user_00937,2025-12-09,full,Rabat,suspended,2025-12-09 11:45:03.427010,2025-12-09 11:45:03.427010
user_00938,2025-10-17,basic,Rabat,blocked,2025-10-17 11:45:03.427010,2025-10-17 11:45:03.427010
user_00939,2025-11-04,basic,Rabat,active,2025-11-04 11:45:03.427010,2025-11-04 11:45:03.427010
user_00940,2025-12-14,full,Casablanca,active,2025-12-14 11:45:03.427010,2025-12-14 11:45:03.427010
user_00941,2025-10-28,full,Rabat,active,2025-10-28 11:45:03.427010,2025-10-28 11:45:03.427010
user_00942,2025-11-09,full,Rabat,active,2025-11-09 11:45:03.427010,2025-11-09 11:45:03.427010
user_00943,2025-11-01,basic,Rabat,active,2025-11-01 11:45:03.427010,2025-11-01 11:45:03.427010
user_00944,2025-09-23,full,Marrakech,active,2025-09-23 11:45:03.427010,2025-09-23 11:45:03.427010
user_00945,2025-12-02,basic,Marrakech,suspended,2025-12-02 11:45:03.427010,2025-12-02 11:45:03.427010
user_00946,2025-11-27,full,Marrakech,active,2025-11-27 11:45:03.427010,2025-11-27 11:45:03.427010
user_00947,2025-11-27,full,Casablanca,active,2025-11-27 11:45:03.427010,2025-11-27 11:45:03.427010
user_00948,2025-11-22,basic,Rabat,active,2025-11-22 11:45:03.427010,2025-11-22 11:45:03.427010
user_00949,2025-11-15,full,Rabat,suspended,2025-11-15 11:45:03.427010,2025-11-15 11:45:03.427010
user_00950,2025-11-03,basic,Rabat,active,2025-11-03 11:45:03.427010,2025-11-03 11:45:03.427010
user_00951,2025-11-15,full,Casablanca,active,2025-11-15 11:45:03.427010,2025-11-15 11:45:03.427010
user_00952,2025-10-25,basic,Marrakech,suspended,2025-10-25 11:45:03.427010,2025-10-25 11:45:03.427010
user_00953,2025-11-27,full,Rabat,active,2025-11-27 11:45:03.427010,2025-11-27 11:45:03.427010
user_00954,2025-10-28,basic,Marrakech,active,2025-10-28 11:45:03.427010,2025-10-28 11:45:03.427010
user_00955,2025-11-24,basic,Casablanca,active,2025-11-24 11:45:03.427010,2025-11-24 11:45:03.427010
user_00956,2025-10-24,basic,Casablanca,suspended,2025-10-24 11:45:03.427010,2025-10-24 11:45:03.427010
user_00957,2025-10-13,full,Marrakech,active,2025-10-13 11:45:03.427010,2025-10-13 11:45:03.427010
user_00958,2025-11-24,full,Casablanca,closed,2025-11-24 11:45:03.427010,2025-11-24 11:45:03.427010
user_00959,2025-10-17,full,Marrakech,active,2025-10-17 11:45:03.427010,2025-10-17 11:45:03.427010
user_00960,2025-09-24,full,Marrakech,suspended,2025-09-24 11:45:03.427010,2025-09-24 11:45:03.427010
user_00961,2025-11-29,full,Rabat,active,2025-11-29 11:45:03.427010,2025-11-29 11:45:03.427010
user_00962,2025-10-07,basic,Rabat,active,2025-10-07 11:45:03.427010,2025-10-07 11:45:03.427010
user_00963,2025-12-03,basic,Rabat,closed,2025-12-03 11:45:03.427010,2025-12-03 11:45:03.427010
user_00964,2025-10-12,basic,Rabat,active,2025-10-12 11:45:03.427010,2025-10-12 11:45:03.427010
user_00965,2025-11-30,full,Marrakech,active,2025-11-30 11:45:03.427010,2025-11-30 11:45:03.427010
user_00966,2025-11-01,full,Rabat,active,2025-11-01 11:45:03.427010,2025-11-01 11:45:03.427010
user_00967,2025-09-18,basic,Rabat,suspended,2025-09-18 11:45:03.427010,2025-09-18 11:45:03.427010
user_00968,2025-12-11,full,Marrakech,active,2025-12-11 11:45:03.427010,2025-12-11 11:45:03.427010
user_00969,2025-09-20,full,Marrakech,active,2025-09-20 11:45:03.427010,2025-09-20 11:45:03.427010
user_00970,2025-10-22,full,Casablanca,active,2025-10-22 11:45:03.427010,2025-10-22 11:45:03.427010
user_00971,2025-12-14,full,Rabat,active,2025-12-14 11:45:03.427010,2025-12-14 11:45:03.427010
user_00972,2025-10-11,basic,Rabat,active,2025-10-11 11:45:03.427010,2025-10-11 11:45:03.427010
user_00973,2025-10-23,basic,Casablanca,active,2025-10-23 11:45:03.427010,2025-10-23 11:45:03.427010
user_00974,2025-09-20,full,Rabat,active,2025-09-20 11:45:03.427010,2025-09-20 11:45:03.427010
user_00975,2025-12-07,full,Marrakech,active,2025-12-07 11:45:03.427010,2025-12-07 11:45:03.427010
user_00976,2025-10-04,basic,Casablanca,active,2025-10-04 11:45:03.427010,2025-10-04 11:45:03.427010
user_00977,2025-12-07,full,Casablanca,active,2025-12-07 11:45:03.427010,2025-12-07 11:45:03.427010
user_00978,2025-10-09,full,Rabat,active,2025-10-09 11:45:03.427010,2025-10-09 11:45:03.427010
user_00979,2025-11-25,full,Marrakech,active,2025-11-25 11:45:03.427010,2025-11-25 11:45:03.427010
user_00980,2025-10-22,full,Casablanca,active,2025-10-22 11:45:03.427010,2025-10-22 11:45:03.427010
user_00981,2025-10-20,full,Casablanca,active,2025-10-20 11:45:03.427010,2025-10-20 11:45:03.427010
user_00982,2025-09-28,full,Rabat,active,2025-09-28 11:45:03.427010,2025-09-28 11:45:03.427010
user_00983,2025-11-22,basic,Casablanca,active,2025-11-22 11:45:03.427010,2025-11-22 11:45:03.427010
user_00984,2025-11-25,full,Rabat,active,2025-11-25 11:45:03.427010,2025-11-25 11:45:03.427010
user_00985,2025-11-21,basic,Marrakech,suspended,2025-11-21 11:45:03.427010,2025-11-21 11:45:03.427010
user_00986,2025-10-07,full,Casablanca,active,2025-10-07 11:45:03.427010,2025-10-07 11:45:03.427010
user_00987,2025-10-20,full,Casablanca,active,2025-10-20 11:45:03.427010,2025-10-20 11:45:03.427010
user_00988,2025-11-04,full,Casablanca,active,2025-11-04 11:45:03.427010,2025-11-04 11:45:03.427010
user_00989,2025-12-10,full,Casablanca,active,2025-12-10 11:45:03.427010,2025-12-10 11:45:03.427010
user_00990,2025-10-05,full,Marrakech,active,2025-10-05 11:45:03.427010,2025-10-05 11:45:03.427010
user_00991,2025-12-16,basic,Casablanca,active,2025-12-16 11:45:03.427010,2025-12-16 11:45:03.427010
user_00992,2025-12-10,full,Rabat,active,2025-12-10 11:45:03.427010,2025-12-10 11:45:03.427010
user_00993,2025-10-07,full,Rabat,active,2025-10-07 11:45:03.427010,2025-10-07 11:45:03.427010
user_00994,2025-09-26,full,Marrakech,active,2025-09-26 11:45:03.427010,2025-09-26 11:45:03.427010
user_00995,2025-12-08,basic,Marrakech,active,2025-12-08 11:45:03.427010,2025-12-08 11:45:03.427010
user_00996,2025-10-08,full,Casablanca,active,2025-10-08 11:45:03.427010,2025-10-08 11:45:03.427010
user_00997,2025-09-20,full,Casablanca,suspended,2025-09-20 11:45:03.427010,2025-09-20 11:45:03.427010
user_00998,2025-10-13,basic,Rabat,suspended,2025-10-13 11:45:03.427010,2025-10-13 11:45:03.427010
user_00999,2025-11-03,full,Casablanca,active,2025-11-03 11:45:03.427010,2025-11-03 11:45:03.427010
user_01000,2025-12-16,full,Rabat,active,2025-12-16 11:45:03.427010,2025-12-16 11:45:03.427010
