installment_id,order_id,user_id,merchant_id,installment_number,anchor_date,due_date,status,account_age_days,kyc_level_num,account_status_num,user_trust_score,user_city,late_payment_rate_90d,avg_late_days_90d,max_late_days_90d,on_time_payment_rate_90d,num_active_plans,repayment_severity_score,load_pressure_score,total_orders_30d,avg_order_amount_30d,max_order_amount_30d,sum_order_amount_30d,spend_pressure_score,currency,dispute_count_90d,refund_count_90d,context_friction_score,checkout_start_30d,checkout_success_30d,checkout_abandon_30d,checkout_abandon_rate_30d,checkout_friction_score,merchant_status_num,merchant_dispute_rate_90d,merchant_refund_rate_90d,merchant_risk_score,category,city_merchant
inst_0000002,order_000006,user_00002,merchant_0109,2,2026-01-17,2026-03-02,unpaid,71.0,2,1,2.5,Casablanca,0.0,0.0,0.0,1.0,4,0.0,1.6094379124341003,2,1816.0,2911.0,3632.0,5.22540216105719,MAD,0,0,0.0,2,1,1,0.5,1.6931471805599454,1,0.0,0.0,0.0,electronics,Casablanca
inst_0000018,order_000014,user_00004,merchant_0061,3,2026-01-17,2026-03-05,unpaid,120.0,2,1,2.5,Rabat,0.2,7.0,7.0,0.8,5,1.915609079175885,1.791759469228055,0,,,,0.0,MAD,0,0,0.0,0,0,0,0.0,0.0,1,0.0,0.0,0.0,fashion,Casablanca
inst_0000032,order_000020,user_00006,merchant_0096,2,2026-01-17,2026-02-02,unpaid,84.0,2,1,2.5,Rabat,0.0,0.0,0.0,1.0,10,0.0,2.3978952727983707,1,2933.0,2933.0,2933.0,5.067732047445734,MAD,0,0,0.0,1,1,0,0.0,0.0,1,0.043478260869565216,0.0,0.08695652173913043,travel,Rabat
inst_0000039,order_000022,user_00007,merchant_0095,3,2026-01-17,2026-05-23,unpaid,44.0,2,1,2.5,Marrakech,,,,,9,0.8,2.302585092994046,0,,,,0.0,MAD,0,0,0.0,0,0,0,0.0,0.0,1,0.0,0.0,0.0,electronics,Rabat
inst_0000041,order_000023,user_00007,merchant_0041,2,2026-01-17,2026-04-05,unpaid,44.0,2,1,2.5,Marrakech,,,,,9,0.8,2.302585092994046,0,,,,0.0,MAD,0,0,0.0,0,0,0,0.0,0.0,1,0.0,0.0,0.0,electronics,Casablanca
inst_0000051,order_000029,user_00009,merchant_0050,3,2026-01-17,2026-03-29,unpaid,89.0,1,1,2.0,Casablanca,0.0,0.0,0.0,1.0,6,0.0,1.9459101490553132,2,820.0,1324.0,1640.0,4.752945558519437,MAD,0,0,0.0,2,2,0,0.0,0.0,1,0.13333333333333333,0.06666666666666667,0.3333333333333333,home,Casablanca
inst_0000062,order_000036,user_00010,merchant_0033,2,2026-01-17,2026-03-21,unpaid,32.0,2,1,2.5,Rabat,,,,,12,0.8,2.5649493574615367,2,1845.5,2209.0,3691.0,5.059893592174323,MAD,0,0,0.0,2,1,1,0.5,1.6931471805599454,1,0.0,0.0,0.0,travel,Rabat
inst_0000068,order_000038,user_00011,merchant_0096,2,2026-01-17,2026-02-02,unpaid,57.0,2,1,2.5,Casablanca,1.0,8.0,8.0,0.0,11,3.838057204135354,2.4849066497880004,4,2589.5,3515.0,10358.0,5.542822720256681,MAD,1,0,1.0,4,3,1,0.25,1.1931471805599454,1,0.043478260869565216,0.0,0.08695652173913043,travel,Rabat
inst_0000082,order_000045,user_00013,merchant_0023,1,2026-01-17,2026-03-05,unpaid,43.0,1,1,2.0,Rabat,,,,,6,0.8,1.9459101490553132,1,581.0,581.0,581.0,4.097141140862841,MAD,0,0,0.0,1,1,0,0.0,0.0,1,0.0,0.0,0.0,electronics,Rabat
inst_0000086,order_000048,user_00013,merchant_0089,2,2026-01-17,2026-03-14,unpaid,43.0,1,1,2.0,Rabat,,,,,6,0.8,1.9459101490553132,1,581.0,581.0,581.0,4.097141140862841,MAD,0,0,0.0,1,1,0,0.0,0.0,1,0.0,0.0,0.0,fashion,Rabat
inst_0000095,order_000053,user_00016,merchant_0113,2,2026-01-17,2026-01-22,unpaid,75.0,2,1,2.5,Rabat,1.0,25.0,25.0,0.0,5,4.5806675766150375,1.791759469228055,0,,,,0.0,MAD,0,0,0.0,0,0,0,0.0,0.0,1,0.05,0.0,0.1,travel,Casablanca
inst_0000134,order_000078,user_00024,merchant_0098,2,2026-01-17,2026-03-28,unpaid,37.0,2,-1,0.5,Marrakech,,,,,3,0.8,1.3862943611198906,0,,,,0.0,MAD,0,0,0.0,0,0,0,0.0,0.0,1,0.0,0.0,0.0,electronics,Rabat
inst_0000141,order_000081,user_00025,merchant_0003,3,2026-01-17,2026-03-09,unpaid,78.0,1,1,2.0,Casablanca,0.0,0.0,0.0,1.0,4,0.0,1.6094379124341003,0,,,,0.0,MAD,0,0,0.0,0,0,0,0.0,0.0,1,0.0,0.0,0.0,travel,Casablanca
inst_0000149,order_000092,user_00029,merchant_0032,2,2026-01-17,2026-02-10,unpaid,64.0,1,1,2.0,Rabat,0.5,7.0,7.0,0.5,8,2.605609079175885,2.1972245773362196,0,,,,0.0,MAD,0,0,0.0,0,0,0,0.0,0.0,1,0.06666666666666667,0.06666666666666667,0.2,electronics,Rabat
inst_0000162,order_000097,user_00031,merchant_0034,3,2026-01-17,2026-03-09,unpaid,119.0,2,1,2.5,Casablanca,0.1111111111111111,22.0,22.0,0.8888888888888888,4,2.4504015067059606,1.6094379124341003,0,,,,0.0,MAD,1,1,1.5,0,0,0,0.0,0.0,1,0.05,0.0,0.1,travel,Casablanca
inst_0000180,order_000110,user_00034,merchant_0010,3,2026-01-17,2026-02-11,unpaid,96.0,1,1,2.0,Marrakech,0.5,17.0,19.0,0.5,4,3.1943323336588803,1.6094379124341003,2,2874.0,2989.0,5748.0,5.241262115298084,MAD,0,0,0.0,2,1,1,0.5,1.6931471805599454,1,0.0,0.0,0.0,travel,Casablanca
inst_0000214,order_000128,user_00039,merchant_0006,1,2026-01-17,2026-01-30,unpaid,61.0,2,1,2.5,Casablanca,,,,,9,0.8,2.302585092994046,3,2360.6666666666665,3679.0,7082.0,5.4809185631457416,MAD,0,0,0.0,3,2,1,0.3333333333333333,1.359813847226612,1,0.04,0.04,0.12,home,Rabat
inst_0000227,order_000134,user_00041,merchant_0014,2,2026-01-17,2026-04-15,unpaid,53.0,1,1,2.0,Rabat,,,,,9,0.8,2.302585092994046,1,1538.0,1538.0,1538.0,4.680591752527306,MAD,0,0,0.0,1,0,1,1.0,2.6931471805599454,1,0.09523809523809523,0.047619047619047616,0.23809523809523808,electronics,Marrakech
inst_0000234,order_000137,user_00041,merchant_0067,3,2026-01-17,2026-04-20,unpaid,53.0,1,1,2.0,Rabat,,,,,9,0.8,2.302585092994046,1,1538.0,1538.0,1538.0,4.680591752527306,MAD,0,0,0.0,1,0,1,1.0,2.6931471805599454,1,0.05,0.0,0.1,fashion,Rabat
inst_0000235,order_000140,user_00042,merchant_0111,1,2026-01-17,2026-01-24,unpaid,53.0,2,1,2.5,Marrakech,,,,,6,0.8,1.9459101490553132,2,1197.5,1634.0,2395.0,4.879083765466056,MAD,0,0,0.0,2,2,0,0.0,0.0,1,0.1,0.05,0.25,travel,Rabat
inst_0000241,order_000142,user_00043,merchant_0071,1,2026-01-17,2026-02-10,unpaid,59.0,1,1,2.0,Rabat,,,,,3,0.8,1.3862943611198906,1,996.0,996.0,996.0,4.420109334201081,MAD,0,0,0.0,1,1,0,0.0,0.0,1,0.0,0.0,0.0,travel,Rabat
inst_0000243,order_000142,user_00043,merchant_0071,3,2026-01-17,2026-04-11,unpaid,59.0,1,1,2.0,Rabat,,,,,3,0.8,1.3862943611198906,1,996.0,996.0,996.0,4.420109334201081,MAD,0,0,0.0,1,1,0,0.0,0.0,1,0.0,0.0,0.0,travel,Rabat
inst_0000273,order_000169,user_00050,merchant_0094,3,2026-01-17,2026-02-21,unpaid,107.0,2,1,2.5,Rabat,0.14285714285714285,5.0,5.0,0.8571428571428571,6,1.582803057031067,1.9459101490553132,0,,,,0.0,MAD,0,0,0.0,0,0,0,0.0,0.0,1,0.0625,0.0,0.125,home,Casablanca
inst_0000282,order_000174,user_00052,merchant_0035,3,2026-01-17,2026-02-17,unpaid,115.0,2,1,2.5,Rabat,0.14285714285714285,16.0,16.0,0.8571428571428571,5,2.31182076941078,1.791759469228055,0,,,,0.0,MAD,0,0,0.0,0,0,0,0.0,0.0,1,0.0,0.0,0.0,electronics,Casablanca
inst_0000284,order_000175,user_00052,merchant_0061,2,2026-01-17,2026-02-01,unpaid,115.0,2,1,2.5,Rabat,0.14285714285714285,16.0,16.0,0.8571428571428571,5,2.31182076941078,1.791759469228055,0,,,,0.0,MAD,0,0,0.0,0,0,0,0.0,0.0,1,0.0,0.0,0.0,fashion,Casablanca
inst_0000294,order_000186,user_00056,merchant_0113,3,2026-01-17,2026-01-18,unpaid,95.0,1,-1,0.0,Casablanca,0.0,0.0,0.0,1.0,1,0.0,0.6931471805599453,0,,,,0.0,MAD,0,0,0.0,0,0,0,0.0,0.0,1,0.05,0.0,0.1,travel,Casablanca
inst_0000312,order_000194,user_00058,merchant_0008,3,2026-01-17,2026-02-17,unpaid,103.0,2,1,2.5,Marrakech,0.0,0.0,0.0,1.0,5,0.0,1.791759469228055,0,,,,0.0,MAD,0,0,0.0,0,0,0,0.0,0.0,1,0.1111111111111111,0.1111111111111111,0.3333333333333333,fashion,Marrakech
inst_0000348,order_000210,user_00065,merchant_0105,3,2026-01-17,2026-02-21,unpaid,74.0,2,1,2.5,Rabat,0.3333333333333333,15.0,15.0,0.6666666666666666,7,2.7074787722345133,2.0794415416798357,0,,,,0.0,MAD,0,0,0.0,0,0,0,0.0,0.0,1,0.0,0.0,0.0,travel,Rabat
inst_0000359,order_000216,user_00066,merchant_0097,2,2026-01-17,2026-01-28,unpaid,55.0,1,-1,0.0,Marrakech,0.0,0.0,0.0,1.0,5,0.0,1.791759469228055,2,1048.0,1285.0,2096.0,4.735020058345783,MAD,0,0,0.0,2,0,2,1.0,3.09861228866811,1,0.05263157894736842,0.05263157894736842,0.15789473684210525,electronics,Marrakech
inst_0000382,order_000233,user_00072,merchant_0099,1,2026-01-17,2026-02-10,unpaid,72.0,2,1,2.5,Marrakech,,,,,9,0.8,2.302585092994046,2,1880.5,2029.0,3761.0,5.008919558688744,MAD,0,0,0.0,2,2,0,0.0,0.0,1,0.0,0.0,0.0,electronics,Marrakech
inst_0000397,order_000241,user_00076,merchant_0081,1,2026-01-17,2026-03-09,unpaid,44.0,1,1,2.0,Casablanca,,,,,3,0.8,1.3862943611198906,0,,,,0.0,MAD,0,0,0.0,0,0,0,0.0,0.0,1,0.0625,0.0625,0.1875,electronics,Rabat
inst_0000400,order_000242,user_00077,merchant_0119,1,2026-01-17,2026-01-26,unpaid,88.0,1,1,2.0,Casablanca,,,,,3,0.8,1.3862943611198906,1,2508.0,2508.0,2508.0,4.973842600043831,MAD,0,0,0.0,1,1,0,0.0,0.0,1,0.0,0.0,0.0,fashion,Rabat
inst_0000436,order_000272,user_00088,merchant_0096,1,2026-01-17,2026-03-28,unpaid,46.0,1,1,2.0,Casablanca,0.0,0.0,0.0,1.0,6,0.0,1.9459101490553132,0,,,,0.0,MAD,0,0,0.0,0,0,0,0.0,0.0,1,0.043478260869565216,0.0,0.08695652173913043,travel,Rabat
inst_0000461,order_000291,user_00093,merchant_0012,2,2026-01-17,2026-03-13,unpaid,51.0,2,1,2.5,Marrakech,,,,,14,0.8,2.70805020110221,5,2017.8,3923.0,10089.0,5.681623880102375,MAD,0,0,0.0,5,4,1,0.2,1.0931471805599453,1,0.047619047619047616,0.047619047619047616,0.14285714285714285,electronics,Casablanca
inst_0000496,order_000320,user_00104,merchant_0067,1,2026-01-17,2026-02-03,unpaid,44.0,2,1,2.5,Rabat,,,,,5,0.8,1.791759469228055,2,2039.0,2384.0,4078.0,5.105617557460709,MAD,0,0,0.0,2,2,0,0.0,0.0,1,0.05,0.0,0.1,fashion,Rabat
inst_0000542,order_000341,user_00110,merchant_0014,2,2026-01-17,2026-02-10,unpaid,45.0,2,1,2.5,Rabat,0.0,0.0,0.0,1.0,8,0.0,2.1972245773362196,2,1408.5,2123.0,2817.0,5.036078744884342,MAD,0,0,0.0,2,1,1,0.5,1.6931471805599454,1,0.09523809523809523,0.047619047619047616,0.23809523809523808,electronics,Marrakech
inst_0000546,order_000344,user_00110,merchant_0070,3,2026-01-17,2026-05-30,unpaid,45.0,2,1,2.5,Rabat,0.0,0.0,0.0,1.0,8,0.0,2.1972245773362196,2,1408.5,2123.0,2817.0,5.036078744884342,MAD,0,0,0.0,2,1,1,0.5,1.6931471805599454,1,0.0,0.0,0.0,electronics,Marrakech
inst_0000548,order_000345,user_00111,merchant_0056,2,2026-01-17,2026-01-22,unpaid,115.0,2,1,2.5,Casablanca,0.2,15.0,15.0,0.8,6,2.400812105567847,1.9459101490553132,0,,,,0.0,MAD,1,0,1.0,0,0,0,0.0,0.0,1,0.045454545454545456,0.0,0.09090909090909091,home,Marrakech
inst_0000576,order_000360,user_00116,merchant_0112,3,2026-01-17,2026-03-22,unpaid,46.0,2,1,2.5,Marrakech,0.0,0.0,0.0,1.0,14,0.0,2.70805020110221,2,2611.5,2730.0,5223.0,5.186898788351467,MAD,0,0,0.0,2,2,0,0.0,0.0,1,0.04,0.04,0.12,travel,Rabat
inst_0000579,order_000361,user_00116,merchant_0088,3,2026-01-17,2026-03-11,unpaid,46.0,2,1,2.5,Marrakech,0.0,0.0,0.0,1.0,14,0.0,2.70805020110221,2,2611.5,2730.0,5223.0,5.186898788351467,MAD,0,0,0.0,2,2,0,0.0,0.0,1,0.0,0.0,0.0,fashion,Marrakech
inst_0000621,order_000381,user_00121,merchant_0020,3,2026-01-17,2026-02-15,unpaid,71.0,2,1,2.5,Marrakech,0.0,0.0,0.0,1.0,7,0.0,2.0794415416798357,1,2045.0,2045.0,2045.0,4.851444040130921,MAD,0,0,0.0,1,1,0,0.0,0.0,1,0.038461538461538464,0.0,0.07692307692307693,electronics,Casablanca
inst_0000647,order_000393,user_00128,merchant_0097,2,2026-01-17,2026-01-22,unpaid,79.0,2,1,2.5,Casablanca,0.0,0.0,0.0,1.0,4,0.0,1.6094379124341003,0,,,,0.0,MAD,0,0,0.0,0,0,0,0.0,0.0,1,0.05263157894736842,0.05263157894736842,0.15789473684210525,electronics,Marrakech
inst_0000650,order_000394,user_00128,merchant_0016,2,2026-01-17,2026-02-07,unpaid,79.0,2,1,2.5,Casablanca,0.0,0.0,0.0,1.0,4,0.0,1.6094379124341003,0,,,,0.0,MAD,0,0,0.0,0,0,0,0.0,0.0,1,0.07142857142857142,0.0,0.14285714285714285,electronics,Rabat
inst_0000656,order_000398,user_00129,merchant_0010,2,2026-01-17,2026-01-26,unpaid,55.0,1,1,2.0,Rabat,0.0,0.0,0.0,1.0,8,0.0,2.1972245773362196,0,,,,0.0,MAD,0,0,0.0,0,0,0,0.0,0.0,1,0.0,0.0,0.0,travel,Casablanca
inst_0000684,order_000414,user_00135,merchant_0013,3,2026-01-17,2026-03-10,unpaid,52.0,1,1,2.0,Casablanca,0.5,5.0,5.0,0.5,7,2.4042316284596383,2.0794415416798357,0,,,,0.0,MAD,0,0,0.0,0,0,0,0.0,0.0,1,0.0,0.0,0.0,fashion,Rabat
inst_0000738,order_000454,user_00147,merchant_0048,3,2026-01-17,2026-02-19,unpaid,106.0,2,1,2.5,Casablanca,0.0,0.0,0.0,1.0,5,0.0,1.791759469228055,0,,,,0.0,MAD,0,0,0.0,0,0,0,0.0,0.0,1,0.05263157894736842,0.05263157894736842,0.15789473684210525,fashion,Marrakech
inst_0000741,order_000457,user_00148,merchant_0106,3,2026-01-17,2026-01-17,unpaid,110.0,1,-1,0.0,Casablanca,0.0,0.0,0.0,1.0,1,0.0,0.6931471805599453,0,,,,0.0,MAD,0,0,0.0,0,0,0,0.0,0.0,1,0.058823529411764705,0.0,0.11764705882352941,fashion,Rabat
inst_0000771,order_000473,user_00155,merchant_0043,3,2026-01-17,2026-04-04,unpaid,83.0,1,1,2.0,Marrakech,,,,,3,0.8,1.3862943611198906,2,1427.5,1585.0,2855.0,4.8608271567841195,MAD,0,0,0.0,2,1,1,0.5,1.6931471805599454,1,0.047619047619047616,0.0,0.09523809523809523,travel,Casablanca
inst_0000773,order_000478,user_00156,merchant_0048,2,2026-01-17,2026-04-25,unpaid,39.0,2,1,2.5,Casablanca,,,,,9,0.8,2.302585092994046,1,884.0,884.0,884.0,4.348611459228736,MAD,0,0,0.0,1,1,0,0.0,0.0,1,0.05263157894736842,0.05263157894736842,0.15789473684210525,fashion,Marrakech
inst_0000776,order_000479,user_00156,merchant_0086,2,2026-01-17,2026-03-30,unpaid,39.0,2,1,2.5,Casablanca,,,,,9,0.8,2.302585092994046,1,884.0,884.0,884.0,4.348611459228736,MAD,0,0,0.0,1,1,0,0.0,0.0,1,0.1111111111111111,0.05555555555555555,0.2777777777777778,travel,Rabat
inst_0000780,order_000480,user_00156,merchant_0001,3,2026-01-17,2026-04-07,unpaid,39.0,2,1,2.5,Casablanca,,,,,9,0.8,2.302585092994046,1,884.0,884.0,884.0,4.348611459228736,MAD,0,0,0.0,1,1,0,0.0,0.0,1,0.0,0.0,0.0,fashion,Marrakech
inst_0000790,order_000488,user_00159,merchant_0101,1,2026-01-17,2026-01-20,unpaid,91.0,2,-1,0.5,Casablanca,,,,,3,0.8,1.3862943611198906,2,2066.0,3791.0,4132.0,5.383834233492192,MAD,1,1,1.5,2,1,1,0.5,1.6931471805599454,1,0.06666666666666667,0.06666666666666667,0.2,fashion,Rabat
inst_0000791,order_000488,user_00159,merchant_0101,2,2026-01-17,2026-02-19,unpaid,91.0,2,-1,0.5,Casablanca,,,,,3,0.8,1.3862943611198906,2,2066.0,3791.0,4132.0,5.383834233492192,MAD,1,1,1.5,2,1,1,0.5,1.6931471805599454,1,0.06666666666666667,0.06666666666666667,0.2,fashion,Rabat
inst_0000825,order_000508,user_00165,merchant_0064,3,2026-01-17,2026-01-25,unpaid,116.0,2,1,2.5,Casablanca,0.4,7.0,11.0,0.6,4,2.456702100797518,1.6094379124341003,0,,,,0.0,MAD,2,1,2.5,0,0,0,0.0,0.0,1,0.05263157894736842,0.05263157894736842,0.15789473684210525,travel,Casablanca
inst_0000869,order_000529,user_00172,merchant_0107,2,2026-01-17,2026-01-20,unpaid,112.0,2,1,2.5,Casablanca,0.0,0.0,0.0,1.0,2,0.0,1.0986122886681098,0,,,,0.0,MAD,0,0,0.0,0,0,0,0.0,0.0,1,0.05,0.05,0.15000000000000002,fashion,Casablanca
inst_0000873,order_000530,user_00173,merchant_0096,3,2026-01-17,2026-04-18,unpaid,46.0,2,1,2.5,Marrakech,,,,,9,0.8,2.302585092994046,1,2896.0,2896.0,2896.0,5.060117470885588,MAD,0,0,0.0,1,1,0,0.0,0.0,1,0.043478260869565216,0.0,0.08695652173913043,travel,Rabat
inst_0000887,order_000537,user_00175,merchant_0001,2,2026-01-17,2026-02-20,unpaid,75.0,2,1,2.5,Rabat,0.5,5.0,5.0,0.5,7,2.4042316284596383,2.0794415416798357,1,3105.0,3105.0,3105.0,5.101913474449158,MAD,0,0,0.0,1,1,0,0.0,0.0,1,0.0,0.0,0.0,fashion,Marrakech
inst_0000890,order_000538,user_00175,merchant_0091,2,2026-01-17,2026-03-22,unpaid,75.0,2,1,2.5,Rabat,0.5,5.0,5.0,0.5,7,2.4042316284596383,2.0794415416798357,1,3105.0,3105.0,3105.0,5.101913474449158,MAD,0,0,0.0,1,1,0,0.0,0.0,1,0.07142857142857142,0.07142857142857142,0.21428571428571427,travel,Casablanca
inst_0000902,order_000545,user_00179,merchant_0053,2,2026-01-17,2026-01-25,unpaid,106.0,2,1,2.5,Casablanca,0.0,0.0,0.0,1.0,6,0.0,1.9459101490553132,1,2330.0,2330.0,2330.0,4.929690455645432,MAD,1,1,1.5,1,1,0,0.0,0.0,1,0.14285714285714285,0.09523809523809523,0.38095238095238093,travel,Marrakech
inst_0000911,order_000554,user_00181,merchant_0021,2,2026-01-17,2026-02-10,unpaid,46.0,2,1,2.5,Casablanca,0.0,0.0,0.0,1.0,9,0.0,2.302585092994046,1,1084.0,1084.0,1084.0,4.470860031808714,MAD,0,0,0.0,1,0,1,1.0,2.6931471805599454,1,0.1,0.1,0.30000000000000004,travel,Marrakech
inst_0000951,order_000576,user_00190,merchant_0111,3,2026-01-17,2026-04-15,unpaid,39.0,2,1,2.5,Casablanca,,,,,6,0.8,1.9459101490553132,1,1696.0,1696.0,1696.0,4.739229231364514,MAD,0,0,0.0,1,1,0,0.0,0.0,1,0.1,0.05,0.25,travel,Rabat
inst_0000961,order_000582,user_00192,merchant_0115,1,2026-01-17,2026-02-12,unpaid,44.0,2,1,2.5,Rabat,,,,,6,0.8,1.9459101490553132,2,1705.0,2611.0,3410.0,5.160167809705037,MAD,0,0,0.0,2,2,0,0.0,0.0,1,0.07142857142857142,0.0,0.14285714285714285,home,Casablanca
inst_0000989,order_000605,user_00198,merchant_0059,2,2026-01-17,2026-04-08,unpaid,57.0,2,1,2.5,Rabat,0.0,0.0,0.0,1.0,8,0.0,2.1972245773362196,0,,,,0.0,MAD,0,0,0.0,0,0,0,0.0,0.0,1,0.0625,0.0625,0.1875,fashion,Casablanca
inst_0000990,order_000605,user_00198,merchant_0059,3,2026-01-17,2026-05-08,unpaid,57.0,2,1,2.5,Rabat,0.0,0.0,0.0,1.0,8,0.0,2.1972245773362196,0,,,,0.0,MAD,0,0,0.0,0,0,0,0.0,0.0,1,0.0625,0.0625,0.1875,fashion,Casablanca
inst_0000999,order_000610,user_00199,merchant_0064,3,2026-01-17,2026-02-24,unpaid,69.0,1,1,2.0,Marrakech,1.0,6.0,6.0,0.0,2,3.6621371043387194,1.0986122886681098,1,699.0,699.0,699.0,4.207907073250021,MAD,0,0,0.0,1,0,1,1.0,2.6931471805599454,1,0.05263157894736842,0.05263157894736842,0.15789473684210525,travel,Casablanca
inst_0001000,order_000611,user_00200,merchant_0120,1,2026-01-17,2026-01-31,unpaid,66.0,2,1,2.5,Rabat,,,,,3,0.8,1.3862943611198906,1,1340.0,1340.0,1340.0,4.597961402192985,MAD,0,0,0.0,1,1,0,0.0,0.0,1,0.13333333333333333,0.0,0.26666666666666666,travel,Marrakech
inst_0001043,order_000643,user_00211,merchant_0019,2,2026-01-17,2026-02-11,unpaid,119.0,1,1,2.0,Casablanca,0.0,0.0,0.0,1.0,2,0.0,1.0986122886681098,0,,,,0.0,MAD,0,0,0.0,0,0,0,0.0,0.0,1,0.0,0.0,0.0,home,Casablanca
inst_0001053,order_000648,user_00212,merchant_0044,3,2026-01-17,2026-04-22,unpaid,46.0,2,1,2.5,Rabat,0.0,0.0,0.0,1.0,8,0.0,2.1972245773362196,2,2107.0,2511.0,4214.0,5.136745632020098,MAD,0,0,0.0,2,1,1,0.5,1.6931471805599454,1,0.1111111111111111,0.05555555555555555,0.2777777777777778,travel,Rabat
inst_0001080,order_000663,user_00216,merchant_0006,3,2026-01-17,2026-04-03,unpaid,36.0,2,1,2.5,Casablanca,,,,,12,0.8,2.5649493574615367,4,1477.75,2110.0,5911.0,5.236725393682632,MAD,0,0,0.0,4,4,0,0.0,0.0,1,0.04,0.04,0.12,home,Rabat
inst_0001094,order_000670,user_00218,merchant_0039,2,2026-01-17,2026-01-25,unpaid,75.0,2,1,2.5,Rabat,0.5,4.0,4.0,0.5,8,2.2766065387038705,2.1972245773362196,1,532.0,532.0,532.0,4.044371726723484,MAD,0,0,0.0,1,1,0,0.0,0.0,1,0.0,0.0,0.0,home,Rabat
inst_0001099,order_000672,user_00219,merchant_0007,1,2026-01-17,2026-01-19,unpaid,71.0,2,1,2.5,Marrakech,,,,,3,0.8,1.3862943611198906,1,2257.0,2257.0,2257.0,4.910599719049742,MAD,0,0,0.0,1,1,0,0.0,0.0,1,0.0,0.0,0.0,home,Casablanca
inst_0001151,order_000694,user_00226,merchant_0022,2,2026-01-17,2026-02-10,unpaid,91.0,2,1,2.5,Casablanca,0.0,0.0,0.0,1.0,8,0.0,2.1972245773362196,3,2012.0,3207.0,6036.0,5.3985595258398,MAD,0,0,0.0,3,3,0,0.0,0.0,1,0.0,0.0,0.0,fashion,Marrakech
inst_0001152,order_000694,user_00226,merchant_0022,3,2026-01-17,2026-03-12,unpaid,91.0,2,1,2.5,Casablanca,0.0,0.0,0.0,1.0,8,0.0,2.1972245773362196,3,2012.0,3207.0,6036.0,5.3985595258398,MAD,0,0,0.0,3,3,0,0.0,0.0,1,0.0,0.0,0.0,fashion,Marrakech
inst_0001171,order_000703,user_00228,merchant_0111,1,2026-01-17,2026-01-20,unpaid,110.0,2,1,2.5,Casablanca,0.0,0.0,0.0,1.0,7,0.0,2.0794415416798357,2,1612.0,1614.0,3224.0,4.871699056861298,MAD,1,1,1.5,2,2,0,0.0,0.0,1,0.1,0.05,0.25,travel,Rabat
inst_0001173,order_000703,user_00228,merchant_0111,3,2026-01-17,2026-03-21,unpaid,110.0,2,1,2.5,Casablanca,0.0,0.0,0.0,1.0,7,0.0,2.0794415416798357,2,1612.0,1614.0,3224.0,4.871699056861298,MAD,1,1,1.5,2,2,0,0.0,0.0,1,0.1,0.05,0.25,travel,Rabat
inst_0001178,order_000705,user_00228,merchant_0002,2,2026-01-17,2026-02-19,unpaid,110.0,2,1,2.5,Casablanca,0.0,0.0,0.0,1.0,7,0.0,2.0794415416798357,2,1612.0,1614.0,3224.0,4.871699056861298,MAD,1,1,1.5,2,2,0,0.0,0.0,1,0.0,0.0,0.0,travel,Casablanca
inst_0001180,order_000708,user_00229,merchant_0008,1,2026-01-17,2026-02-23,unpaid,73.0,2,1,2.5,Casablanca,,,,,9,0.8,2.302585092994046,2,1035.0,1512.0,2070.0,4.832554743740258,MAD,0,0,0.0,2,2,0,0.0,0.0,1,0.1111111111111111,0.1111111111111111,0.3333333333333333,fashion,Marrakech
inst_0001184,order_000709,user_00229,merchant_0105,2,2026-01-17,2026-02-22,unpaid,73.0,2,1,2.5,Casablanca,,,,,9,0.8,2.302585092994046,2,1035.0,1512.0,2070.0,4.832554743740258,MAD,0,0,0.0,2,2,0,0.0,0.0,1,0.0,0.0,0.0,travel,Rabat
inst_0001194,order_000712,user_00230,merchant_0046,3,2026-01-17,2026-04-12,unpaid,45.0,2,1,2.5,Rabat,0.0,0.0,0.0,1.0,10,0.0,2.3978952727983707,1,458.0,458.0,458.0,3.954688998260305,MAD,0,0,0.0,1,1,0,0.0,0.0,1,0.0,0.0,0.0,fashion,Casablanca
inst_0001217,order_000720,user_00233,merchant_0069,2,2026-01-17,2026-02-17,unpaid,86.0,1,1,2.0,Casablanca,0.5,9.0,9.0,0.5,4,2.7618095650958323,1.6094379124341003,2,2744.0,3548.0,5488.0,5.344097607055142,MAD,1,1,1.5,2,1,1,0.5,1.6931471805599454,1,0.15384615384615385,0.07692307692307693,0.38461538461538464,travel,Marrakech
inst_0001248,order_000737,user_00237,merchant_0069,3,2026-01-17,2026-03-23,unpaid,79.0,2,1,2.5,Casablanca,0.0,0.0,0.0,1.0,7,0.0,2.0794415416798357,2,1219.0,1230.0,2438.0,4.708794191177916,MAD,0,0,0.0,2,1,1,0.5,1.6931471805599454,1,0.15384615384615385,0.07692307692307693,0.38461538461538464,travel,Marrakech
inst_0001258,order_000745,user_00239,merchant_0041,1,2026-01-17,2026-02-22,unpaid,83.0,2,1,2.5,Casablanca,0.0,0.0,0.0,1.0,5,0.0,1.791759469228055,0,,,,0.0,MAD,0,0,0.0,0,0,0,0.0,0.0,1,0.0,0.0,0.0,electronics,Casablanca
inst_0001265,order_000747,user_00241,merchant_0108,2,2026-01-17,2026-02-18,unpaid,59.0,2,1,2.5,Rabat,,,,,3,0.8,1.3862943611198906,1,3519.0,3519.0,3519.0,5.176988633379263,MAD,0,0,0.0,1,1,0,0.0,0.0,1,0.0,0.0,0.0,travel,Rabat
inst_0001266,order_000747,user_00241,merchant_0108,3,2026-01-17,2026-03-20,unpaid,59.0,2,1,2.5,Rabat,,,,,3,0.8,1.3862943611198906,1,3519.0,3519.0,3519.0,5.176988633379263,MAD,0,0,0.0,1,1,0,0.0,0.0,1,0.0,0.0,0.0,travel,Rabat
inst_0001271,order_000749,user_00242,merchant_0050,2,2026-01-17,2026-04-08,unpaid,53.0,1,1,2.0,Casablanca,,,,,6,0.8,1.9459101490553132,0,,,,0.0,MAD,0,0,0.0,0,0,0,0.0,0.0,1,0.13333333333333333,0.06666666666666667,0.3333333333333333,home,Casablanca
inst_0001272,order_000749,user_00242,merchant_0050,3,2026-01-17,2026-05-08,unpaid,53.0,1,1,2.0,Casablanca,,,,,6,0.8,1.9459101490553132,0,,,,0.0,MAD,0,0,0.0,0,0,0,0.0,0.0,1,0.13333333333333333,0.06666666666666667,0.3333333333333333,home,Casablanca
inst_0001278,order_000755,user_00244,merchant_0069,3,2026-01-17,2026-02-17,unpaid,103.0,2,1,2.5,Marrakech,0.16666666666666666,6.0,6.0,0.8333333333333334,2,1.7454704376720527,1.0986122886681098,0,,,,0.0,MAD,0,0,0.0,0,0,0,0.0,0.0,1,0.15384615384615385,0.07692307692307693,0.38461538461538464,travel,Marrakech
inst_0001294,order_000763,user_00246,merchant_0040,1,2026-01-17,2026-02-08,unpaid,63.0,2,1,2.5,Marrakech,0.0,0.0,0.0,1.0,7,0.0,2.0794415416798357,1,2956.0,2956.0,2956.0,5.072417184135465,MAD,0,0,0.0,1,1,0,0.0,0.0,1,0.16666666666666666,0.08333333333333333,0.41666666666666663,electronics,Casablanca
inst_0001295,order_000763,user_00246,merchant_0040,2,2026-01-17,2026-03-10,unpaid,63.0,2,1,2.5,Marrakech,0.0,0.0,0.0,1.0,7,0.0,2.0794415416798357,1,2956.0,2956.0,2956.0,5.072417184135465,MAD,0,0,0.0,1,1,0,0.0,0.0,1,0.16666666666666666,0.08333333333333333,0.41666666666666663,electronics,Casablanca
inst_0001298,order_000764,user_00246,merchant_0003,2,2026-01-17,2026-02-12,unpaid,63.0,2,1,2.5,Marrakech,0.0,0.0,0.0,1.0,7,0.0,2.0794415416798357,1,2956.0,2956.0,2956.0,5.072417184135465,MAD,0,0,0.0,1,1,0,0.0,0.0,1,0.0,0.0,0.0,travel,Casablanca
inst_0001305,order_000766,user_00247,merchant_0109,3,2026-01-17,2026-04-14,unpaid,46.0,2,1,2.5,Rabat,,,,,3,0.8,1.3862943611198906,1,1071.0,1071.0,1071.0,4.463627677202426,MAD,0,0,0.0,1,1,0,0.0,0.0,1,0.0,0.0,0.0,electronics,Casablanca
inst_0001308,order_000767,user_00248,merchant_0045,3,2026-01-17,2026-03-01,unpaid,72.0,2,1,2.5,Casablanca,0.0,0.0,0.0,1.0,5,0.0,1.791759469228055,1,2763.0,2763.0,2763.0,5.031919383156514,MAD,0,0,0.0,1,1,0,0.0,0.0,1,0.0,0.0,0.0,travel,Casablanca
inst_0001310,order_000768,user_00248,merchant_0017,2,2026-01-17,2026-03-19,unpaid,72.0,2,1,2.5,Casablanca,0.0,0.0,0.0,1.0,5,0.0,1.791759469228055,1,2763.0,2763.0,2763.0,5.031919383156514,MAD,0,0,0.0,1,1,0,0.0,0.0,1,0.06666666666666667,0.06666666666666667,0.2,home,Casablanca
inst_0001352,order_000787,user_00254,merchant_0089,2,2026-01-17,2026-03-01,unpaid,105.0,2,1,2.5,Rabat,0.5,11.0,11.0,0.5,4,2.8894346548516,1.6094379124341003,1,2409.0,2409.0,2409.0,4.949688088114798,MAD,0,0,0.0,1,1,0,0.0,0.0,1,0.0,0.0,0.0,fashion,Rabat
inst_0001353,order_000787,user_00254,merchant_0089,3,2026-01-17,2026-03-31,unpaid,105.0,2,1,2.5,Rabat,0.5,11.0,11.0,0.5,4,2.8894346548516,1.6094379124341003,1,2409.0,2409.0,2409.0,4.949688088114798,MAD,0,0,0.0,1,1,0,0.0,0.0,1,0.0,0.0,0.0,fashion,Rabat
inst_0001386,order_000800,user_00258,merchant_0085,3,2026-01-17,2026-03-06,unpaid,92.0,2,1,2.5,Rabat,0.3333333333333333,14.5,19.0,0.6666666666666666,6,2.736233133340065,1.9459101490553132,1,2373.0,2373.0,2373.0,4.9406578173257465,MAD,0,0,0.0,1,1,0,0.0,0.0,1,0.0,0.06666666666666667,0.06666666666666667,fashion,Marrakech
inst_0001410,order_000811,user_00264,merchant_0013,3,2026-01-17,2026-03-30,unpaid,38.0,2,1,2.5,Casablanca,,,,,6,0.8,1.9459101490553132,1,1672.0,1672.0,1672.0,4.730683092816072,MAD,0,0,0.0,1,1,0,0.0,0.0,1,0.0,0.0,0.0,fashion,Rabat
inst_0001416,order_000813,user_00265,merchant_0119,3,2026-01-17,2026-01-28,unpaid,106.0,1,1,2.0,Rabat,0.0,0.0,0.0,1.0,7,0.0,2.0794415416798357,2,1559.0,2394.0,3118.0,5.108128021374253,MAD,0,0,0.0,2,2,0,0.0,0.0,1,0.0,0.0,0.0,fashion,Rabat
inst_0001421,order_000817,user_00265,merchant_0100,2,2026-01-17,2026-02-23,unpaid,106.0,1,1,2.0,Rabat,0.0,0.0,0.0,1.0,7,0.0,2.0794415416798357,2,1559.0,2394.0,3118.0,5.108128021374253,MAD,0,0,0.0,2,2,0,0.0,0.0,1,0.05263157894736842,0.05263157894736842,0.15789473684210525,electronics,Marrakech
inst_0001425,order_000819,user_00266,merchant_0063,3,2026-01-17,2026-02-27,unpaid,100.0,2,1,2.5,Marrakech,0.0,0.0,0.0,1.0,5,0.0,1.791759469228055,0,,,,0.0,MAD,0,0,0.0,0,0,0,0.0,0.0,1,0.0,0.0,0.0,travel,Marrakech
inst_0001442,order_000825,user_00268,merchant_0033,2,2026-01-17,2026-01-27,unpaid,94.0,2,1,2.5,Rabat,0.0,0.0,0.0,1.0,4,0.0,1.6094379124341003,0,,,,0.0,MAD,0,0,0.0,0,0,0,0.0,0.0,1,0.0,0.0,0.0,travel,Rabat
inst_0001464,order_000850,user_00278,merchant_0101,3,2026-01-17,2026-05-18,unpaid,52.0,1,1,2.0,Casablanca,1.0,11.0,11.0,0.0,5,4.0394346548516005,1.791759469228055,0,,,,0.0,MAD,0,0,0.0,0,0,0,0.0,0.0,1,0.06666666666666667,0.06666666666666667,0.2,fashion,Rabat
inst_0001493,order_000873,user_00287,merchant_0118,2,2026-01-17,2026-03-04,unpaid,41.0,1,1,2.0,Marrakech,0.0,0.0,0.0,1.0,5,0.0,1.791759469228055,1,1627.0,1627.0,1627.0,4.71432340016147,MAD,0,0,0.0,1,1,0,0.0,0.0,1,0.0,0.0,0.0,travel,Casablanca
inst_0001496,order_000874,user_00287,merchant_0027,2,2026-01-17,2026-02-06,unpaid,41.0,1,1,2.0,Marrakech,0.0,0.0,0.0,1.0,5,0.0,1.791759469228055,1,1627.0,1627.0,1627.0,4.71432340016147,MAD,0,0,0.0,1,1,0,0.0,0.0,1,0.06666666666666667,0.06666666666666667,0.2,electronics,Casablanca
inst_0001518,order_000882,user_00290,merchant_0089,3,2026-01-17,2026-03-15,unpaid,118.0,2,1,2.5,Casablanca,0.25,8.0,8.0,0.75,2,2.113057204135354,1.0986122886681098,0,,,,0.0,MAD,0,1,0.5,0,0,0,0.0,0.0,1,0.0,0.0,0.0,fashion,Rabat
inst_0001560,order_000903,user_00299,merchant_0098,3,2026-01-17,2026-03-19,unpaid,80.0,2,-1,0.5,Casablanca,,,,,2,0.8,1.0986122886681098,2,2135.5,2674.0,4271.0,5.174467711065308,MAD,0,0,0.0,2,2,0,0.0,0.0,1,0.0,0.0,0.0,electronics,Rabat
inst_0001601,order_000923,user_00306,merchant_0062,2,2026-01-17,2026-01-30,unpaid,67.0,2,1,2.5,Rabat,0.0,0.0,0.0,1.0,5,0.0,1.791759469228055,1,3366.0,3366.0,3366.0,5.150325323720622,MAD,0,0,0.0,1,1,0,0.0,0.0,1,0.038461538461538464,0.0,0.07692307692307693,electronics,Rabat
inst_0001654,order_000962,user_00321,merchant_0020,1,2026-01-17,2026-01-20,unpaid,116.0,2,1,2.5,Marrakech,0.0,0.0,0.0,1.0,5,0.0,1.791759469228055,1,1865.0,1865.0,1865.0,4.796190301068352,MAD,0,0,0.0,1,1,0,0.0,0.0,1,0.038461538461538464,0.0,0.07692307692307693,electronics,Casablanca
inst_0001666,order_000969,user_00323,merchant_0021,1,2026-01-17,2026-01-27,unpaid,104.0,2,1,2.5,Marrakech,0.25,16.0,16.0,0.75,12,2.5582493408393514,2.5649493574615367,2,1347.5,2393.0,2695.0,5.107877447137995,MAD,0,0,0.0,2,2,0,0.0,0.0,1,0.1,0.1,0.30000000000000004,travel,Marrakech
inst_0001673,order_000971,user_00323,merchant_0106,2,2026-01-17,2026-01-28,unpaid,104.0,2,1,2.5,Marrakech,0.25,16.0,16.0,0.75,12,2.5582493408393514,2.5649493574615367,2,1347.5,2393.0,2695.0,5.107877447137995,MAD,0,0,0.0,2,2,0,0.0,0.0,1,0.058823529411764705,0.0,0.11764705882352941,fashion,Rabat
inst_0001685,order_000975,user_00325,merchant_0093,2,2026-01-17,2026-01-30,unpaid,91.0,2,1,2.5,Casablanca,0.4,19.5,25.0,0.6,5,3.0818317506764776,1.791759469228055,1,1429.0,1429.0,1429.0,4.63651670617635,MAD,0,0,0.0,1,0,1,1.0,2.6931471805599454,1,0.07142857142857142,0.0,0.14285714285714285,home,Rabat
inst_0001734,order_000995,user_00331,merchant_0034,3,2026-01-17,2026-04-23,unpaid,61.0,2,1,2.5,Marrakech,,,,,12,0.8,2.5649493574615367,2,1304.0,1730.0,2608.0,4.91331764857297,MAD,0,0,0.0,2,2,0,0.0,0.0,1,0.05,0.0,0.1,travel,Casablanca
inst_0001741,order_000999,user_00331,merchant_0078,1,2026-01-17,2026-02-01,unpaid,61.0,2,1,2.5,Marrakech,,,,,12,0.8,2.5649493574615367,2,1304.0,1730.0,2608.0,4.91331764857297,MAD,0,0,0.0,2,2,0,0.0,0.0,1,0.15,0.15,0.44999999999999996,fashion,Casablanca
inst_0001794,order_001031,user_00341,merchant_0035,3,2026-01-17,2026-03-25,unpaid,44.0,2,1,2.5,Casablanca,,,,,6,0.8,1.9459101490553132,1,557.0,557.0,557.0,4.0718742496527645,MAD,0,0,0.0,1,1,0,0.0,0.0,1,0.0,0.0,0.0,electronics,Casablanca
inst_0001818,order_001040,user_00345,merchant_0069,3,2026-01-17,2026-06-07,unpaid,36.0,2,1,2.5,Marrakech,,,,,6,0.8,1.9459101490553132,0,,,,0.0,MAD,0,0,0.0,0,0,0,0.0,0.0,1,0.15384615384615385,0.07692307692307693,0.38461538461538464,travel,Marrakech
inst_0001820,order_001046,user_00348,merchant_0110,2,2026-01-17,2026-01-25,unpaid,87.0,2,1,2.5,Casablanca,0.0,0.0,0.0,1.0,5,0.0,1.791759469228055,0,,,,0.0,MAD,0,0,0.0,0,0,0,0.0,0.0,1,0.08333333333333333,0.08333333333333333,0.25,electronics,Rabat
inst_0001823,order_001047,user_00348,merchant_0031,2,2026-01-17,2026-01-23,unpaid,87.0,2,1,2.5,Casablanca,0.0,0.0,0.0,1.0,5,0.0,1.791759469228055,0,,,,0.0,MAD,0,0,0.0,0,0,0,0.0,0.0,1,0.0,0.0,0.0,home,Marrakech
inst_0001830,order_001049,user_00349,merchant_0056,3,2026-01-17,2026-04-13,unpaid,80.0,2,1,2.5,Casablanca,0.0,0.0,0.0,1.0,13,0.0,2.6390573296152584,3,2578.0,3883.0,7734.0,5.513290242094686,MAD,0,0,0.0,3,3,0,0.0,0.0,1,0.045454545454545456,0.0,0.09090909090909091,home,Marrakech
inst_0001856,order_001061,user_00352,merchant_0024,2,2026-01-17,2026-01-28,unpaid,114.0,2,1,2.5,Rabat,0.16666666666666666,5.0,5.0,0.8333333333333334,3,1.6375649617929717,1.3862943611198906,0,,,,0.0,MAD,0,0,0.0,0,0,0,0.0,0.0,1,0.0,0.0,0.0,electronics,Rabat
inst_0001857,order_001061,user_00352,merchant_0024,3,2026-01-17,2026-02-27,unpaid,114.0,2,1,2.5,Rabat,0.16666666666666666,5.0,5.0,0.8333333333333334,3,1.6375649617929717,1.3862943611198906,0,,,,0.0,MAD,0,0,0.0,0,0,0,0.0,0.0,1,0.0,0.0,0.0,electronics,Rabat
inst_0001877,order_001072,user_00355,merchant_0033,2,2026-01-17,2026-02-22,unpaid,89.0,2,1,2.5,Marrakech,0.0,0.0,0.0,1.0,4,0.0,1.6094379124341003,2,1821.0,2363.0,3642.0,5.100311142582837,MAD,0,0,0.0,2,2,0,0.0,0.0,1,0.0,0.0,0.0,travel,Rabat
inst_0001894,order_001079,user_00357,merchant_0116,1,2026-01-17,2026-02-23,unpaid,58.0,2,1,2.5,Marrakech,0.5,10.0,10.0,0.5,13,2.8285266909588596,2.6390573296152584,1,300.0,300.0,300.0,3.701525031073303,MAD,0,0,0.0,1,1,0,0.0,0.0,1,0.05555555555555555,0.05555555555555555,0.16666666666666666,travel,Marrakech
inst_0001905,order_001082,user_00358,merchant_0042,3,2026-01-17,2026-03-08,unpaid,80.0,2,1,2.5,Marrakech,0.6666666666666666,8.0,13.0,0.3333333333333333,3,3.159757087924495,1.3862943611198906,0,,,,0.0,MAD,0,0,0.0,0,0,0,0.0,0.0,1,0.05263157894736842,0.05263157894736842,0.15789473684210525,home,Rabat
inst_0001964,order_001114,user_00371,merchant_0051,2,2026-01-17,2026-02-17,unpaid,56.0,2,-1,0.5,Casablanca,0.0,0.0,0.0,1.0,4,0.0,1.6094379124341003,2,783.0,933.0,1566.0,4.543130778404549,MAD,0,0,0.0,2,1,1,0.5,1.6931471805599454,1,0.0,0.0,0.0,home,Rabat
inst_0001968,order_001116,user_00372,merchant_0008,3,2026-01-17,2026-02-13,unpaid,69.0,2,1,2.5,Casablanca,0.0,0.0,0.0,1.0,1,0.0,0.6931471805599453,0,,,,0.0,MAD,0,0,0.0,0,0,0,0.0,0.0,1,0.1111111111111111,0.1111111111111111,0.3333333333333333,fashion,Marrakech
inst_0001979,order_001123,user_00375,merchant_0031,2,2026-01-17,2026-01-17,unpaid,73.0,1,1,2.0,Rabat,0.0,0.0,0.0,1.0,2,0.0,1.0986122886681098,0,,,,0.0,MAD,0,0,0.0,0,0,0,0.0,0.0,1,0.0,0.0,0.0,home,Marrakech
inst_0002004,order_001135,user_00380,merchant_0005,3,2026-01-17,2026-03-07,unpaid,49.0,2,-1,0.5,Marrakech,1.0,11.0,11.0,0.0,2,4.0394346548516005,1.0986122886681098,1,1419.0,1419.0,1419.0,4.632306162581162,MAD,0,0,0.0,1,1,0,0.0,0.0,1,0.0625,0.0,0.125,electronics,Marrakech
inst_0002030,order_001151,user_00384,merchant_0044,2,2026-01-17,2026-01-21,unpaid,101.0,2,1,2.5,Rabat,0.25,15.0,15.0,0.75,9,2.515812105567847,2.302585092994046,1,1921.0,1921.0,1921.0,4.813931825942121,MAD,0,0,0.0,1,1,0,0.0,0.0,1,0.1111111111111111,0.05555555555555555,0.2777777777777778,travel,Rabat
inst_0002037,order_001153,user_00385,merchant_0048,3,2026-01-17,2026-02-12,unpaid,95.0,2,-1,0.5,Casablanca,0.0,0.0,0.0,1.0,4,0.0,1.6094379124341003,0,,,,0.0,MAD,0,0,0.0,0,0,0,0.0,0.0,1,0.05263157894736842,0.05263157894736842,0.15789473684210525,fashion,Marrakech
inst_0002061,order_001175,user_00391,merchant_0087,3,2026-01-17,2026-03-11,unpaid,93.0,2,1,2.5,Casablanca,0.25,5.0,5.0,0.75,5,1.8292316284596384,1.791759469228055,2,1037.0,1133.0,2074.0,4.659548806039862,MAD,0,0,0.0,2,2,0,0.0,0.0,1,0.0625,0.0,0.125,fashion,Casablanca
inst_0002095,order_001191,user_00396,merchant_0032,1,2026-01-17,2026-02-26,unpaid,71.0,2,1,2.5,Casablanca,1.0,12.0,12.0,0.0,15,4.095464550223076,2.772588722239781,1,3141.0,3141.0,3141.0,5.108827763513318,MAD,0,0,0.0,1,1,0,0.0,0.0,1,0.06666666666666667,0.06666666666666667,0.2,electronics,Rabat
inst_0002101,order_001195,user_00398,merchant_0085,1,2026-01-17,2026-04-06,unpaid,32.0,2,1,2.5,Marrakech,,,,,12,0.8,2.5649493574615367,1,3996.0,3996.0,3996.0,5.253238487450772,MAD,1,0,1.0,1,1,0,0.0,0.0,1,0.0,0.06666666666666667,0.06666666666666667,fashion,Marrakech
inst_0002105,order_001196,user_00398,merchant_0034,2,2026-01-17,2026-04-19,unpaid,32.0,2,1,2.5,Marrakech,,,,,12,0.8,2.5649493574615367,1,3996.0,3996.0,3996.0,5.253238487450772,MAD,1,0,1.0,1,1,0,0.0,0.0,1,0.05,0.0,0.1,travel,Casablanca
inst_0002129,order_001205,user_00400,merchant_0007,2,2026-01-17,2026-02-07,unpaid,114.0,2,1,2.5,Casablanca,0.0,0.0,0.0,1.0,9,0.0,2.302585092994046,1,2978.0,2978.0,2978.0,5.076864643851947,MAD,0,0,0.0,1,1,0,0.0,0.0,1,0.0,0.0,0.0,home,Casablanca
inst_0002147,order_001212,user_00403,merchant_0111,2,2026-01-17,2026-02-03,unpaid,93.0,2,1,2.5,Rabat,0.0,0.0,0.0,1.0,4,0.0,1.6094379124341003,0,,,,0.0,MAD,0,0,0.0,0,0,0,0.0,0.0,1,0.1,0.05,0.25,travel,Rabat
inst_0002153,order_001217,user_00407,merchant_0007,2,2026-01-17,2026-03-18,unpaid,83.0,2,1,2.5,Marrakech,1.0,16.0,16.0,0.0,9,4.283249340839351,2.302585092994046,1,531.0,531.0,531.0,4.043244965828965,MAD,0,0,0.0,1,1,0,0.0,0.0,1,0.0,0.0,0.0,home,Casablanca
inst_0002154,order_001217,user_00407,merchant_0007,3,2026-01-17,2026-04-17,unpaid,83.0,2,1,2.5,Marrakech,1.0,16.0,16.0,0.0,9,4.283249340839351,2.302585092994046,1,531.0,531.0,531.0,4.043244965828965,MAD,0,0,0.0,1,1,0,0.0,0.0,1,0.0,0.0,0.0,home,Casablanca
inst_0002155,order_001218,user_00407,merchant_0068,1,2026-01-17,2026-01-27,unpaid,83.0,2,1,2.5,Marrakech,1.0,16.0,16.0,0.0,9,4.283249340839351,2.302585092994046,1,531.0,531.0,531.0,4.043244965828965,MAD,0,0,0.0,1,1,0,0.0,0.0,1,0.06666666666666667,0.0,0.13333333333333333,fashion,Rabat
inst_0002163,order_001220,user_00408,merchant_0056,3,2026-01-17,2026-03-13,unpaid,49.0,2,1,2.5,Marrakech,0.0,0.0,0.0,1.0,5,0.0,1.791759469228055,0,,,,0.0,MAD,0,0,0.0,0,0,0,0.0,0.0,1,0.045454545454545456,0.0,0.09090909090909091,home,Marrakech
inst_0002172,order_001226,user_00411,merchant_0057,3,2026-01-17,2026-05-08,unpaid,58.0,2,1,2.5,Rabat,0.0,0.0,0.0,1.0,11,0.0,2.4849066497880004,0,,,,0.0,MAD,0,0,0.0,0,0,0,0.0,0.0,1,0.0,0.0,0.0,travel,Casablanca
inst_0002181,order_001232,user_00412,merchant_0010,3,2026-01-17,2026-02-18,unpaid,120.0,1,-1,0.0,Casablanca,0.0,0.0,0.0,1.0,1,0.0,0.6931471805599453,0,,,,0.0,MAD,0,0,0.0,0,0,0,0.0,0.0,1,0.0,0.0,0.0,travel,Casablanca
inst_0002187,order_001234,user_00414,merchant_0052,3,2026-01-17,2026-02-10,unpaid,92.0,1,1,2.0,Marrakech,0.4,12.5,13.0,0.6,4,2.7491563086452437,1.6094379124341003,1,3915.0,3915.0,3915.0,5.2409544744142185,MAD,0,0,0.0,1,1,0,0.0,0.0,1,0.0,0.0,0.0,electronics,Marrakech
inst_0002204,order_001245,user_00416,merchant_0028,2,2026-01-17,2026-04-03,unpaid,70.0,2,1,2.5,Rabat,1.0,17.0,17.0,0.0,6,4.323260230527315,1.9459101490553132,1,890.0,890.0,890.0,4.3526655287064635,MAD,0,0,0.0,1,1,0,0.0,0.0,1,0.05555555555555555,0.05555555555555555,0.16666666666666666,home,Casablanca
inst_0002228,order_001262,user_00421,merchant_0108,2,2026-01-17,2026-04-04,unpaid,72.0,1,-1,0.0,Casablanca,1.0,11.0,11.0,0.0,5,4.0394346548516005,1.791759469228055,0,,,,0.0,MAD,0,0,0.0,0,0,0,0.0,0.0,1,0.0,0.0,0.0,travel,Rabat
inst_0002236,order_001269,user_00423,merchant_0098,1,2026-01-17,2026-02-26,unpaid,33.0,2,1,2.5,Casablanca,,,,,9,0.8,2.302585092994046,0,,,,0.0,MAD,0,0,0.0,0,0,0,0.0,0.0,1,0.0,0.0,0.0,electronics,Rabat
inst_0002258,order_001282,user_00430,merchant_0005,2,2026-01-17,2026-03-30,unpaid,41.0,2,1,2.5,Casablanca,0.0,0.0,0.0,1.0,5,0.0,1.791759469228055,0,,,,0.0,MAD,0,0,0.0,0,0,0,0.0,0.0,1,0.0625,0.0,0.125,electronics,Marrakech
inst_0002272,order_001288,user_00433,merchant_0107,1,2026-01-17,2026-01-30,unpaid,73.0,2,1,2.5,Rabat,,,,,9,0.8,2.302585092994046,1,1393.0,1393.0,1393.0,4.6212184270162595,MAD,0,0,0.0,1,1,0,0.0,0.0,1,0.05,0.05,0.15000000000000002,fashion,Casablanca
inst_0002277,order_001289,user_00433,merchant_0042,3,2026-01-17,2026-04-17,unpaid,73.0,2,1,2.5,Rabat,,,,,9,0.8,2.302585092994046,1,1393.0,1393.0,1393.0,4.6212184270162595,MAD,0,0,0.0,1,1,0,0.0,0.0,1,0.05263157894736842,0.05263157894736842,0.15789473684210525,home,Rabat
inst_0002279,order_001290,user_00433,merchant_0016,2,2026-01-17,2026-03-19,unpaid,73.0,2,1,2.5,Rabat,,,,,9,0.8,2.302585092994046,1,1393.0,1393.0,1393.0,4.6212184270162595,MAD,0,0,0.0,1,1,0,0.0,0.0,1,0.07142857142857142,0.0,0.14285714285714285,electronics,Rabat
inst_0002290,order_001298,user_00436,merchant_0007,1,2026-01-17,2026-01-20,unpaid,75.0,2,1,2.5,Marrakech,0.0,0.0,0.0,1.0,8,0.0,2.1972245773362196,1,1418.0,1418.0,1418.0,4.631883478520003,MAD,0,0,0.0,1,0,1,1.0,2.6931471805599454,1,0.0,0.0,0.0,home,Casablanca
inst_0002338,order_001326,user_00445,merchant_0062,1,2026-01-17,2026-01-17,unpaid,41.0,2,1,2.5,Rabat,,,,,15,0.8,2.772588722239781,4,1972.0,2617.0,7888.0,5.365874732855547,MAD,0,0,0.0,4,4,0,0.0,0.0,1,0.038461538461538464,0.0,0.07692307692307693,electronics,Rabat
inst_0002355,order_001332,user_00446,merchant_0035,3,2026-01-17,2026-05-04,unpaid,43.0,1,-1,0.0,Rabat,0.0,0.0,0.0,1.0,11,0.0,2.4849066497880004,0,,,,0.0,MAD,0,0,0.0,0,0,0,0.0,0.0,1,0.0,0.0,0.0,electronics,Casablanca
inst_0002370,order_001337,user_00448,merchant_0057,3,2026-01-17,2026-02-04,unpaid,82.0,2,-1,0.5,Casablanca,0.0,0.0,0.0,1.0,1,0.0,0.6931471805599453,1,1529.0,1529.0,1529.0,4.677072680855867,MAD,0,0,0.0,1,0,1,1.0,2.6931471805599454,1,0.0,0.0,0.0,travel,Casablanca
inst_0002372,order_001341,user_00449,merchant_0108,2,2026-01-17,2026-02-24,unpaid,38.0,1,1,2.0,Marrakech,,,,,11,0.8,2.4849066497880004,2,3093.0,3256.0,6186.0,5.2925819986329845,MAD,0,0,0.0,2,1,1,0.5,1.6931471805599454,1,0.0,0.0,0.0,travel,Rabat
inst_0002375,order_001342,user_00449,merchant_0090,2,2026-01-17,2026-03-18,unpaid,38.0,1,1,2.0,Marrakech,,,,,11,0.8,2.4849066497880004,2,3093.0,3256.0,6186.0,5.2925819986329845,MAD,0,0,0.0,2,1,1,0.5,1.6931471805599454,1,0.0625,0.0,0.125,electronics,Casablanca
inst_0002381,order_001345,user_00449,merchant_0046,2,2026-01-17,2026-02-18,unpaid,38.0,1,1,2.0,Marrakech,,,,,11,0.8,2.4849066497880004,2,3093.0,3256.0,6186.0,5.2925819986329845,MAD,0,0,0.0,2,1,1,0.5,1.6931471805599454,1,0.0,0.0,0.0,fashion,Casablanca
inst_0002421,order_001365,user_00456,merchant_0046,3,2026-01-17,2026-02-10,unpaid,76.0,2,1,2.5,Casablanca,0.2,12.0,12.0,0.8,7,2.255464550223076,2.0794415416798357,1,1383.0,1383.0,1383.0,4.616898753930546,MAD,0,0,0.0,1,1,0,0.0,0.0,1,0.0,0.0,0.0,fashion,Casablanca
inst_0002427,order_001367,user_00457,merchant_0087,3,2026-01-17,2026-04-05,unpaid,49.0,1,1,2.0,Rabat,0.0,0.0,0.0,1.0,8,0.0,2.1972245773362196,3,1919.0,3440.0,5757.0,5.440628187926444,MAD,1,0,1.0,3,2,1,0.3333333333333333,1.359813847226612,1,0.0625,0.0,0.125,fashion,Casablanca
inst_0002429,order_001369,user_00457,merchant_0020,2,2026-01-17,2026-01-29,unpaid,49.0,1,1,2.0,Rabat,0.0,0.0,0.0,1.0,8,0.0,2.1972245773362196,3,1919.0,3440.0,5757.0,5.440628187926444,MAD,1,0,1.0,3,2,1,0.3333333333333333,1.359813847226612,1,0.038461538461538464,0.0,0.07692307692307693,electronics,Casablanca
inst_0002465,order_001384,user_00461,merchant_0008,2,2026-01-17,2026-03-21,unpaid,33.0,2,1,2.5,Rabat,,,,,6,0.8,1.9459101490553132,0,,,,0.0,MAD,0,0,0.0,0,0,0,0.0,0.0,1,0.1111111111111111,0.1111111111111111,0.3333333333333333,fashion,Marrakech
inst_0002471,order_001389,user_00463,merchant_0106,2,2026-01-17,2026-03-29,unpaid,57.0,2,1,2.5,Casablanca,0.0,0.0,0.0,1.0,5,0.0,1.791759469228055,0,,,,0.0,MAD,0,0,0.0,0,0,0,0.0,0.0,1,0.058823529411764705,0.0,0.11764705882352941,fashion,Rabat
inst_0002474,order_001390,user_00463,merchant_0041,2,2026-01-17,2026-01-24,unpaid,57.0,2,1,2.5,Casablanca,0.0,0.0,0.0,1.0,5,0.0,1.791759469228055,0,,,,0.0,MAD,0,0,0.0,0,0,0,0.0,0.0,1,0.0,0.0,0.0,electronics,Casablanca
inst_0002494,order_001402,user_00466,merchant_0091,1,2026-01-17,2026-02-08,unpaid,56.0,2,1,2.5,Marrakech,0.0,0.0,0.0,1.0,8,0.0,2.1972245773362196,2,2337.5,3940.0,4675.0,5.406958781784247,MAD,1,1,1.5,2,2,0,0.0,0.0,1,0.07142857142857142,0.07142857142857142,0.21428571428571427,travel,Casablanca
inst_0002500,order_001407,user_00468,merchant_0050,1,2026-01-17,2026-02-23,unpaid,69.0,2,1,2.5,Marrakech,0.0,0.0,0.0,1.0,14,0.0,2.70805020110221,1,3580.0,3580.0,3580.0,5.187297294223038,MAD,0,0,0.0,1,1,0,0.0,0.0,1,0.13333333333333333,0.06666666666666667,0.3333333333333333,home,Casablanca
inst_0002571,order_001439,user_00478,merchant_0111,3,2026-01-17,2026-04-02,unpaid,74.0,2,1,2.5,Marrakech,,,,,6,0.8,1.9459101490553132,2,1538.0,1608.0,3076.0,4.869465803662674,MAD,0,0,0.0,2,2,0,0.0,0.0,1,0.1,0.05,0.25,travel,Rabat
inst_0002580,order_001448,user_00480,merchant_0026,3,2026-01-17,2026-04-28,unpaid,63.0,2,1,2.5,Casablanca,,,,,9,0.8,2.302585092994046,0,,,,0.0,MAD,0,0,0.0,0,0,0,0.0,0.0,1,0.125,0.0,0.25,travel,Rabat
inst_0002589,order_001458,user_00483,merchant_0109,3,2026-01-17,2026-03-23,unpaid,81.0,1,-1,0.0,Marrakech,,,,,3,0.8,1.3862943611198906,2,2708.0,3869.0,5416.0,5.39605078708154,MAD,0,0,0.0,2,1,1,0.5,1.6931471805599454,1,0.0,0.0,0.0,electronics,Casablanca
inst_0002643,order_001491,user_00497,merchant_0021,3,2026-01-17,2026-03-14,unpaid,68.0,1,1,2.0,Rabat,0.0,0.0,0.0,1.0,2,0.0,1.0986122886681098,0,,,,0.0,MAD,0,0,0.0,0,0,0,0.0,0.0,1,0.1,0.1,0.30000000000000004,travel,Marrakech
inst_0002649,order_001498,user_00499,merchant_0072,3,2026-01-17,2026-03-19,unpaid,89.0,2,1,2.5,Casablanca,,,,,5,0.8,1.791759469228055,2,1042.0,1213.0,2084.0,4.700450498438911,MAD,0,0,0.0,2,2,0,0.0,0.0,1,0.09523809523809523,0.047619047619047616,0.23809523809523808,fashion,Marrakech
inst_0002657,order_001505,user_00503,merchant_0114,2,2026-01-17,2026-02-14,unpaid,53.0,2,1,2.5,Casablanca,0.0,0.0,0.0,1.0,5,0.0,1.791759469228055,1,1228.0,1228.0,1228.0,4.5456325379635985,MAD,0,0,0.0,1,0,1,1.0,2.6931471805599454,1,0.16666666666666666,0.16666666666666666,0.5,travel,Rabat
inst_0002680,order_001514,user_00508,merchant_0100,1,2026-01-17,2026-03-06,unpaid,45.0,2,1,2.5,Marrakech,,,,,6,0.8,1.9459101490553132,0,,,,0.0,MAD,0,0,0.0,0,0,0,0.0,0.0,1,0.05263157894736842,0.05263157894736842,0.15789473684210525,electronics,Marrakech
inst_0002685,order_001515,user_00508,merchant_0120,3,2026-01-17,2026-04-20,unpaid,45.0,2,1,2.5,Marrakech,,,,,6,0.8,1.9459101490553132,0,,,,0.0,MAD,0,0,0.0,0,0,0,0.0,0.0,1,0.13333333333333333,0.0,0.26666666666666666,travel,Marrakech
inst_0002700,order_001526,user_00511,merchant_0120,3,2026-01-17,2026-05-17,unpaid,34.0,2,1,2.5,Rabat,,,,,12,0.8,2.5649493574615367,2,2678.5,2956.0,5357.0,5.234603227378731,MAD,0,0,0.0,2,1,1,0.5,1.6931471805599454,1,0.13333333333333333,0.0,0.26666666666666666,travel,Marrakech
inst_0002709,order_001530,user_00513,merchant_0002,3,2026-01-17,2026-01-27,unpaid,121.0,2,1,2.5,Rabat,0.0,0.0,0.0,1.0,4,0.0,1.6094379124341003,0,,,,0.0,MAD,0,0,0.0,0,0,0,0.0,0.0,1,0.0,0.0,0.0,travel,Casablanca
inst_0002728,order_001541,user_00517,merchant_0093,1,2026-01-17,2026-02-26,unpaid,78.0,2,1,2.5,Rabat,0.0,0.0,0.0,1.0,4,0.0,1.6094379124341003,1,2083.0,2083.0,2083.0,4.862485513947933,MAD,0,0,0.0,1,0,1,1.0,2.6931471805599454,1,0.07142857142857142,0.0,0.14285714285714285,home,Rabat
inst_0002736,order_001545,user_00518,merchant_0082,3,2026-01-17,2026-06-01,unpaid,34.0,2,1,2.5,Marrakech,,,,,3,0.8,1.3862943611198906,0,,,,0.0,MAD,0,0,0.0,0,0,0,0.0,0.0,1,0.047619047619047616,0.0,0.09523809523809523,electronics,Rabat
inst_0002740,order_001548,user_00520,merchant_0042,1,2026-01-17,2026-02-02,unpaid,90.0,2,1,2.5,Rabat,0.0,0.0,0.0,1.0,4,0.0,1.6094379124341003,1,3349.0,3349.0,3349.0,5.147288247115445,MAD,0,0,0.0,1,1,0,0.0,0.0,1,0.05263157894736842,0.05263157894736842,0.15789473684210525,home,Rabat
inst_0002747,order_001550,user_00521,merchant_0107,2,2026-01-17,2026-02-26,unpaid,56.0,2,1,2.5,Marrakech,,,,,3,0.8,1.3862943611198906,1,665.0,665.0,665.0,4.178032674548211,MAD,0,0,0.0,1,1,0,0.0,0.0,1,0.05,0.05,0.15000000000000002,fashion,Casablanca
inst_0002792,order_001583,user_00531,merchant_0084,2,2026-01-17,2026-03-09,unpaid,83.0,1,-1,0.0,Rabat,,,,,3,0.8,1.3862943611198906,3,2131.3333333333335,3586.0,6394.0,5.4655606309673255,MAD,0,0,0.0,3,3,0,0.0,0.0,1,0.0,0.0,0.0,electronics,Rabat
inst_0002816,order_001600,user_00536,merchant_0098,2,2026-01-17,2026-02-01,unpaid,101.0,2,1,2.5,Marrakech,0.2,11.0,11.0,0.8,4,2.1994346548516006,1.6094379124341003,0,,,,0.0,MAD,0,0,0.0,0,0,0,0.0,0.0,1,0.0,0.0,0.0,electronics,Rabat
inst_0002852,order_001625,user_00543,merchant_0011,2,2026-01-17,2026-02-26,unpaid,90.0,1,1,2.0,Casablanca,0.5,25.0,25.0,0.5,6,3.430667576615037,1.9459101490553132,2,2454.0,3347.0,4908.0,5.3091159744328635,MAD,2,2,3.0,2,0,2,1.0,3.09861228866811,1,0.05,0.05,0.15000000000000002,home,Casablanca
inst_0002858,order_001628,user_00544,merchant_0114,2,2026-01-17,2026-01-28,unpaid,83.0,2,1,2.5,Marrakech,0.0,0.0,0.0,1.0,7,0.0,2.0794415416798357,0,,,,0.0,MAD,0,0,0.0,0,0,0,0.0,0.0,1,0.16666666666666666,0.16666666666666666,0.5,travel,Rabat
inst_0002874,order_001635,user_00546,merchant_0028,3,2026-01-17,2026-03-05,unpaid,106.0,2,1,2.5,Rabat,0.0,0.0,0.0,1.0,4,0.0,1.6094379124341003,0,,,,0.0,MAD,1,1,1.5,0,0,0,0.0,0.0,1,0.05555555555555555,0.05555555555555555,0.16666666666666666,home,Casablanca
inst_0002901,order_001646,user_00550,merchant_0119,3,2026-01-17,2026-03-21,unpaid,32.0,2,1,2.5,Rabat,,,,,9,0.8,2.302585092994046,2,1574.0,2812.0,3148.0,5.204649000561158,MAD,0,0,0.0,2,2,0,0.0,0.0,1,0.0,0.0,0.0,fashion,Rabat
inst_0002921,order_001668,user_00559,merchant_0045,2,2026-01-17,2026-04-22,unpaid,38.0,1,1,2.0,Marrakech,,,,,6,0.8,1.9459101490553132,0,,,,0.0,MAD,0,0,0.0,0,0,0,0.0,0.0,1,0.0,0.0,0.0,travel,Casablanca
inst_0002951,order_001683,user_00564,merchant_0053,2,2026-01-17,2026-01-23,unpaid,106.0,2,1,2.5,Casablanca,0.5,18.0,18.0,0.5,4,3.211107285416508,1.6094379124341003,0,,,,0.0,MAD,0,0,0.0,0,0,0,0.0,0.0,1,0.14285714285714285,0.09523809523809523,0.38095238095238093,travel,Marrakech
inst_0002961,order_001690,user_00567,merchant_0006,3,2026-01-17,2026-03-13,unpaid,40.0,2,1,2.5,Rabat,0.0,0.0,0.0,1.0,2,0.0,1.0986122886681098,0,,,,0.0,MAD,1,1,1.5,0,0,0,0.0,0.0,1,0.04,0.04,0.12,home,Rabat
inst_0002971,order_001700,user_00572,merchant_0006,1,2026-01-17,2026-03-14,unpaid,57.0,1,1,2.0,Rabat,,,,,9,0.8,2.302585092994046,1,2388.0,2388.0,2388.0,4.944436960619464,MAD,0,0,0.0,1,0,1,1.0,2.6931471805599454,1,0.04,0.04,0.12,home,Rabat
inst_0002984,order_001706,user_00574,merchant_0049,2,2026-01-17,2026-03-07,unpaid,101.0,1,1,2.0,Marrakech,0.3333333333333333,21.0,21.0,0.6666666666666666,7,2.930396384017488,2.0794415416798357,1,1489.0,1489.0,1489.0,4.661177711587681,MAD,0,0,0.0,1,1,0,0.0,0.0,1,0.041666666666666664,0.041666666666666664,0.125,home,Casablanca
inst_0003015,order_001727,user_00579,merchant_0095,3,2026-01-17,2026-02-26,unpaid,58.0,2,1,2.5,Casablanca,0.0,0.0,0.0,1.0,10,0.0,2.3978952727983707,2,2106.0,3331.0,4212.0,5.306241717439284,MAD,0,0,0.0,2,1,1,0.5,1.6931471805599454,1,0.0,0.0,0.0,electronics,Rabat
inst_0003018,order_001728,user_00580,merchant_0094,3,2026-01-17,2026-04-03,unpaid,35.0,2,1,2.5,Casablanca,,,,,9,0.8,2.302585092994046,1,3487.0,3487.0,3487.0,5.1715091432413,MAD,0,0,0.0,1,1,0,0.0,0.0,1,0.0625,0.0,0.125,home,Casablanca
inst_0003024,order_001730,user_00580,merchant_0020,3,2026-01-17,2026-06-03,unpaid,35.0,2,1,2.5,Casablanca,,,,,9,0.8,2.302585092994046,1,3487.0,3487.0,3487.0,5.1715091432413,MAD,0,0,0.0,1,1,0,0.0,0.0,1,0.038461538461538464,0.0,0.07692307692307693,electronics,Casablanca
inst_0003036,order_001735,user_00582,merchant_0084,3,2026-01-17,2026-05-03,unpaid,74.0,2,1,2.5,Marrakech,0.0,0.0,0.0,1.0,5,0.0,1.791759469228055,1,2221.0,2221.0,2221.0,4.900956654343723,MAD,0,0,0.0,1,1,0,0.0,0.0,1,0.0,0.0,0.0,electronics,Rabat
inst_0003039,order_001737,user_00582,merchant_0024,3,2026-01-17,2026-03-16,unpaid,74.0,2,1,2.5,Marrakech,0.0,0.0,0.0,1.0,5,0.0,1.791759469228055,1,2221.0,2221.0,2221.0,4.900956654343723,MAD,0,0,0.0,1,1,0,0.0,0.0,1,0.0,0.0,0.0,electronics,Rabat
inst_0003046,order_001741,user_00584,merchant_0042,1,2026-01-17,2026-02-09,unpaid,96.0,1,1,2.0,Rabat,0.6666666666666666,7.0,9.0,0.3333333333333333,12,3.0335711227720603,2.5649493574615367,2,2314.5,2395.0,4629.0,5.108378491008448,MAD,0,0,0.0,2,2,0,0.0,0.0,1,0.05263157894736842,0.05263157894736842,0.15789473684210525,home,Rabat
inst_0003081,order_001759,user_00588,merchant_0031,3,2026-01-17,2026-04-02,unpaid,87.0,2,1,2.5,Marrakech,0.0,0.0,0.0,1.0,9,0.0,2.302585092994046,2,1973.5,2364.0,3947.0,5.100564896022864,MAD,0,0,0.0,2,2,0,0.0,0.0,1,0.0,0.0,0.0,home,Marrakech
inst_0003122,order_001776,user_00592,merchant_0007,2,2026-01-17,2026-04-18,unpaid,34.0,2,1,2.5,Marrakech,,,,,15,0.8,2.772588722239781,1,3584.0,3584.0,3584.0,5.187967124044211,MAD,0,0,0.0,1,1,0,0.0,0.0,1,0.0,0.0,0.0,home,Casablanca
inst_0003128,order_001781,user_00595,merchant_0008,2,2026-01-17,2026-01-24,unpaid,56.0,2,1,2.5,Casablanca,1.0,8.0,8.0,0.0,2,3.838057204135354,1.0986122886681098,0,,,,0.0,MAD,0,0,0.0,0,0,0,0.0,0.0,1,0.1111111111111111,0.1111111111111111,0.3333333333333333,fashion,Marrakech
inst_0003159,order_001796,user_00600,merchant_0002,3,2026-01-17,2026-04-08,unpaid,65.0,2,1,2.5,Casablanca,,,,,3,0.8,1.3862943611198906,1,1247.0,1247.0,1247.0,4.554837401581602,MAD,0,0,0.0,1,1,0,0.0,0.0,1,0.0,0.0,0.0,travel,Casablanca
inst_0003183,order_001805,user_00604,merchant_0022,3,2026-01-17,2026-03-10,unpaid,70.0,2,1,2.5,Rabat,0.0,0.0,0.0,1.0,2,0.0,1.0986122886681098,0,,,,0.0,MAD,0,0,0.0,0,0,0,0.0,0.0,1,0.0,0.0,0.0,fashion,Marrakech
inst_0003195,order_001810,user_00607,merchant_0046,3,2026-01-17,2026-02-04,unpaid,86.0,2,1,2.5,Marrakech,0.0,0.0,0.0,1.0,5,0.0,1.791759469228055,1,2893.0,2893.0,2893.0,5.059495816538836,MAD,0,0,0.0,1,1,0,0.0,0.0,1,0.0,0.0,0.0,fashion,Casablanca
inst_0003258,order_001850,user_00619,merchant_0074,3,2026-01-17,2026-04-03,unpaid,65.0,1,-1,0.0,Marrakech,0.0,0.0,0.0,1.0,8,0.0,2.1972245773362196,3,1593.6666666666667,3071.0,4781.0,5.372568201008494,MAD,0,0,0.0,3,2,1,0.3333333333333333,1.359813847226612,1,0.0,0.0,0.0,home,Marrakech
inst_0003259,order_001851,user_00619,merchant_0039,1,2026-01-17,2026-01-25,unpaid,65.0,1,-1,0.0,Marrakech,0.0,0.0,0.0,1.0,8,0.0,2.1972245773362196,3,1593.6666666666667,3071.0,4781.0,5.372568201008494,MAD,0,0,0.0,3,2,1,0.3333333333333333,1.359813847226612,1,0.0,0.0,0.0,home,Rabat
inst_0003276,order_001859,user_00621,merchant_0059,3,2026-01-17,2026-02-24,unpaid,66.0,1,-1,0.0,Marrakech,0.0,0.0,0.0,1.0,3,0.0,1.3862943611198906,1,2774.0,2774.0,2774.0,5.034302487932299,MAD,0,0,0.0,1,0,1,1.0,2.6931471805599454,1,0.0625,0.0625,0.1875,fashion,Casablanca
inst_0003288,order_001871,user_00625,merchant_0042,3,2026-01-17,2026-02-07,unpaid,104.0,2,1,2.5,Rabat,0.0,0.0,0.0,1.0,4,0.0,1.6094379124341003,1,341.0,341.0,341.0,3.778145314461541,MAD,1,1,1.5,1,1,0,0.0,0.0,1,0.05263157894736842,0.05263157894736842,0.15789473684210525,home,Rabat
inst_0003312,order_001882,user_00628,merchant_0077,3,2026-01-17,2026-03-18,unpaid,100.0,1,1,2.0,Marrakech,0.4,3.5,4.0,0.6,7,1.9939262808749574,2.0794415416798357,1,1448.0,1448.0,1448.0,4.644436237616388,MAD,1,1,1.5,1,0,1,1.0,2.6931471805599454,1,0.0,0.0,0.0,electronics,Casablanca
inst_0003324,order_001887,user_00629,merchant_0053,3,2026-01-17,2026-02-11,unpaid,89.0,1,-1,0.0,Casablanca,0.4,9.0,11.0,0.6,5,2.568273876454623,1.791759469228055,1,1541.0,1541.0,1541.0,4.681760204697943,MAD,1,1,1.5,1,0,1,1.0,2.6931471805599454,1,0.14285714285714285,0.09523809523809523,0.38095238095238093,travel,Marrakech
inst_0003326,order_001889,user_00630,merchant_0068,2,2026-01-17,2026-03-04,unpaid,88.0,2,1,2.5,Marrakech,0.5,3.0,3.0,0.5,7,2.1204060527839235,2.0794415416798357,2,1481.0,1645.0,2962.0,4.8831069442094535,MAD,0,0,0.0,2,2,0,0.0,0.0,1,0.06666666666666667,0.0,0.13333333333333333,fashion,Rabat
inst_0003330,order_001890,user_00630,merchant_0056,3,2026-01-17,2026-04-05,unpaid,88.0,2,1,2.5,Marrakech,0.5,3.0,3.0,0.5,7,2.1204060527839235,2.0794415416798357,2,1481.0,1645.0,2962.0,4.8831069442094535,MAD,0,0,0.0,2,2,0,0.0,0.0,1,0.045454545454545456,0.0,0.09090909090909091,home,Marrakech
inst_0003368,order_001907,user_00636,merchant_0050,2,2026-01-17,2026-03-07,unpaid,41.0,2,1,2.5,Rabat,,,,,5,0.8,1.791759469228055,2,733.0,1021.0,1466.0,4.597154977925434,MAD,0,0,0.0,2,2,0,0.0,0.0,1,0.13333333333333333,0.06666666666666667,0.3333333333333333,home,Casablanca
inst_0003380,order_001911,user_00637,merchant_0031,2,2026-01-17,2026-02-16,unpaid,86.0,2,1,2.5,Marrakech,0.0,0.0,0.0,1.0,10,0.0,2.3978952727983707,1,1677.0,1677.0,1677.0,4.732473604440269,MAD,0,0,0.0,1,1,0,0.0,0.0,1,0.0,0.0,0.0,home,Marrakech
inst_0003381,order_001911,user_00637,merchant_0031,3,2026-01-17,2026-03-18,unpaid,86.0,2,1,2.5,Marrakech,0.0,0.0,0.0,1.0,10,0.0,2.3978952727983707,1,1677.0,1677.0,1677.0,4.732473604440269,MAD,0,0,0.0,1,1,0,0.0,0.0,1,0.0,0.0,0.0,home,Marrakech
inst_0003417,order_001930,user_00644,merchant_0059,3,2026-01-17,2026-02-07,unpaid,121.0,2,1,2.5,Casablanca,0.0,0.0,0.0,1.0,3,0.0,1.3862943611198906,0,,,,0.0,MAD,0,0,0.0,0,0,0,0.0,0.0,1,0.0625,0.0625,0.1875,fashion,Casablanca
inst_0003426,order_001933,user_00645,merchant_0064,3,2026-01-17,2026-03-15,unpaid,106.0,2,1,2.5,Rabat,0.0,0.0,0.0,1.0,6,0.0,1.9459101490553132,0,,,,0.0,MAD,0,0,0.0,0,0,0,0.0,0.0,1,0.05263157894736842,0.05263157894736842,0.15789473684210525,travel,Casablanca
inst_0003451,order_001949,user_00650,merchant_0058,1,2026-01-17,2026-03-02,unpaid,65.0,2,1,2.5,Rabat,,,,,3,0.8,1.3862943611198906,1,1483.0,1483.0,1483.0,4.658756726460373,MAD,0,0,0.0,1,0,1,1.0,2.6931471805599454,1,0.0,0.0,0.0,travel,Marrakech
inst_0003465,order_001955,user_00652,merchant_0025,3,2026-01-17,2026-02-03,unpaid,99.0,1,1,2.0,Marrakech,0.2,8.0,8.0,0.8,5,1.9980572041353537,1.791759469228055,0,,,,0.0,MAD,1,0,1.0,0,0,0,0.0,0.0,1,0.15384615384615385,0.07692307692307693,0.38461538461538464,home,Casablanca
inst_0003494,order_001974,user_00658,merchant_0019,2,2026-01-17,2026-02-02,unpaid,109.0,2,1,2.5,Marrakech,0.25,16.0,24.0,0.75,8,2.6353818370017486,2.1972245773362196,0,,,,0.0,MAD,0,0,0.0,0,0,0,0.0,0.0,1,0.0,0.0,0.0,home,Casablanca
inst_0003506,order_001981,user_00662,merchant_0040,2,2026-01-17,2026-01-25,unpaid,67.0,2,1,2.5,Rabat,0.5,4.0,4.0,0.5,6,2.2766065387038705,1.9459101490553132,0,,,,0.0,MAD,0,0,0.0,0,0,0,0.0,0.0,1,0.16666666666666666,0.08333333333333333,0.41666666666666663,electronics,Casablanca
inst_0003517,order_001990,user_00666,merchant_0089,1,2026-01-17,2026-03-26,unpaid,43.0,2,1,2.5,Rabat,,,,,6,0.8,1.9459101490553132,1,2903.0,2903.0,2903.0,5.06156549779079,MAD,0,0,0.0,1,1,0,0.0,0.0,1,0.0,0.0,0.0,fashion,Rabat
inst_0003519,order_001990,user_00666,merchant_0089,3,2026-01-17,2026-05-25,unpaid,43.0,2,1,2.5,Rabat,,,,,6,0.8,1.9459101490553132,1,2903.0,2903.0,2903.0,5.06156549779079,MAD,0,0,0.0,1,1,0,0.0,0.0,1,0.0,0.0,0.0,fashion,Rabat
inst_0003554,order_002005,user_00674,merchant_0014,2,2026-01-17,2026-03-07,unpaid,95.0,2,1,2.5,Marrakech,0.0,0.0,0.0,1.0,6,0.0,1.9459101490553132,2,2482.0,3269.0,4964.0,5.294972073802024,MAD,0,0,0.0,2,2,0,0.0,0.0,1,0.09523809523809523,0.047619047619047616,0.23809523809523808,electronics,Marrakech
inst_0003585,order_002021,user_00678,merchant_0100,3,2026-01-17,2026-03-10,unpaid,66.0,2,1,2.5,Marrakech,0.0,0.0,0.0,1.0,7,0.0,2.0794415416798357,0,,,,0.0,MAD,0,0,0.0,0,0,0,0.0,0.0,1,0.05263157894736842,0.05263157894736842,0.15789473684210525,electronics,Marrakech
inst_0003621,order_002042,user_00687,merchant_0039,3,2026-01-17,2026-02-16,unpaid,111.0,2,1,2.5,Marrakech,0.0,0.0,0.0,1.0,5,0.0,1.791759469228055,0,,,,0.0,MAD,0,0,0.0,0,0,0,0.0,0.0,1,0.0,0.0,0.0,home,Rabat
inst_0003629,order_002045,user_00688,merchant_0042,2,2026-01-17,2026-02-20,unpaid,78.0,1,1,2.0,Rabat,0.0,0.0,0.0,1.0,8,0.0,2.1972245773362196,3,1783.3333333333333,2374.0,5350.0,5.218169374329201,MAD,0,0,0.0,3,1,2,0.6666666666666666,2.431945622001443,1,0.05263157894736842,0.05263157894736842,0.15789473684210525,home,Rabat
inst_0003652,order_002058,user_00693,merchant_0032,1,2026-01-17,2026-04-09,unpaid,34.0,2,-1,0.5,Rabat,,,,,15,0.8,2.772588722239781,2,3498.5,3633.0,6997.0,5.358298464840914,MAD,0,0,0.0,2,1,1,0.5,1.6931471805599454,1,0.06666666666666667,0.06666666666666667,0.2,electronics,Rabat
inst_0003655,order_002059,user_00693,merchant_0058,1,2026-01-17,2026-03-24,unpaid,34.0,2,-1,0.5,Rabat,,,,,15,0.8,2.772588722239781,2,3498.5,3633.0,6997.0,5.358298464840914,MAD,0,0,0.0,2,1,1,0.5,1.6931471805599454,1,0.0,0.0,0.0,travel,Marrakech
inst_0003676,order_002072,user_00697,merchant_0033,1,2026-01-17,2026-02-14,unpaid,42.0,1,1,2.0,Casablanca,,,,,3,0.8,1.3862943611198906,2,2104.5,2517.0,4209.0,5.13817704422982,MAD,0,0,0.0,2,1,1,0.5,1.6931471805599454,1,0.0,0.0,0.0,travel,Rabat
inst_0003698,order_002086,user_00703,merchant_0012,2,2026-01-17,2026-02-16,unpaid,111.0,2,1,2.5,Marrakech,0.2,8.0,8.0,0.8,10,1.9980572041353537,2.3978952727983707,2,2467.5,3564.0,4935.0,5.3467965151762815,MAD,0,0,0.0,2,2,0,0.0,0.0,1,0.047619047619047616,0.047619047619047616,0.14285714285714285,electronics,Casablanca
inst_0003768,order_002127,user_00719,merchant_0101,3,2026-01-17,2026-03-21,unpaid,33.0,1,-1,0.0,Casablanca,,,,,6,0.8,1.9459101490553132,1,2474.0,2474.0,2474.0,4.965656277225652,MAD,0,0,0.0,1,1,0,0.0,0.0,1,0.06666666666666667,0.06666666666666667,0.2,fashion,Rabat
inst_0003804,order_002145,user_00724,merchant_0047,3,2026-01-17,2026-03-04,unpaid,62.0,2,1,2.5,Casablanca,0.0,0.0,0.0,1.0,7,0.0,2.0794415416798357,1,1284.0,1284.0,1284.0,4.57236727062157,MAD,0,0,0.0,1,1,0,0.0,0.0,1,0.15,0.05,0.35,home,Marrakech
inst_0003860,order_002173,user_00732,merchant_0031,2,2026-01-17,2026-04-16,unpaid,38.0,2,1,2.5,Casablanca,,,,,6,0.8,1.9459101490553132,0,,,,0.0,MAD,0,0,0.0,0,0,0,0.0,0.0,1,0.0,0.0,0.0,home,Marrakech
inst_0003874,order_002184,user_00735,merchant_0056,1,2026-01-17,2026-01-19,unpaid,117.0,2,1,2.5,Marrakech,0.0,0.0,0.0,1.0,7,0.0,2.0794415416798357,1,1963.0,1963.0,1963.0,4.826901965572625,MAD,0,0,0.0,1,1,0,0.0,0.0,1,0.045454545454545456,0.0,0.09090909090909091,home,Marrakech
inst_0003916,order_002205,user_00741,merchant_0064,1,2026-01-17,2026-02-08,unpaid,77.0,2,1,2.5,Marrakech,,,,,11,0.8,2.4849066497880004,4,2241.75,3709.0,8967.0,5.575047458334528,MAD,0,0,0.0,4,3,1,0.25,1.1931471805599454,1,0.05263157894736842,0.05263157894736842,0.15789473684210525,travel,Casablanca
inst_0003923,order_002208,user_00741,merchant_0094,2,2026-01-17,2026-02-24,unpaid,77.0,2,1,2.5,Marrakech,,,,,11,0.8,2.4849066497880004,4,2241.75,3709.0,8967.0,5.575047458334528,MAD,0,0,0.0,4,3,1,0.25,1.1931471805599454,1,0.0625,0.0,0.125,home,Casablanca
inst_0003952,order_002221,user_00746,merchant_0058,1,2026-01-17,2026-01-19,unpaid,73.0,2,1,2.5,Casablanca,0.75,19.0,25.0,0.25,11,3.8744854443812917,2.4849066497880004,1,2303.0,2303.0,2303.0,4.922700085313448,MAD,0,0,0.0,1,1,0,0.0,0.0,1,0.0,0.0,0.0,travel,Marrakech
inst_0003957,order_002222,user_00746,merchant_0032,3,2026-01-17,2026-02-16,unpaid,73.0,2,1,2.5,Casablanca,0.75,19.0,25.0,0.25,11,3.8744854443812917,2.4849066497880004,1,2303.0,2303.0,2303.0,4.922700085313448,MAD,0,0,0.0,1,1,0,0.0,0.0,1,0.06666666666666667,0.06666666666666667,0.2,electronics,Rabat
inst_0003964,order_002232,user_00749,merchant_0101,1,2026-01-17,2026-03-17,unpaid,32.0,1,1,2.0,Rabat,,,,,9,0.8,2.302585092994046,1,2805.0,2805.0,2805.0,5.040968028621422,MAD,0,0,0.0,1,1,0,0.0,0.0,1,0.06666666666666667,0.06666666666666667,0.2,fashion,Rabat
inst_0003966,order_002232,user_00749,merchant_0101,3,2026-01-17,2026-05-16,unpaid,32.0,1,1,2.0,Rabat,,,,,9,0.8,2.302585092994046,1,2805.0,2805.0,2805.0,5.040968028621422,MAD,0,0,0.0,1,1,0,0.0,0.0,1,0.06666666666666667,0.06666666666666667,0.2,fashion,Rabat
inst_0003994,order_002251,user_00756,merchant_0048,1,2026-01-17,2026-01-23,unpaid,85.0,2,1,2.5,Marrakech,0.0,0.0,0.0,1.0,7,0.0,2.0794415416798357,2,2583.0,3028.0,5166.0,5.249037602083586,MAD,0,0,0.0,2,2,0,0.0,0.0,1,0.05263157894736842,0.05263157894736842,0.15789473684210525,fashion,Marrakech
inst_0004012,order_002260,user_00758,merchant_0028,1,2026-01-17,2026-03-12,unpaid,44.0,2,1,2.5,Rabat,,,,,9,0.8,2.302585092994046,3,2175.3333333333335,2650.0,6526.0,5.284133068221371,MAD,0,0,0.0,3,3,0,0.0,0.0,1,0.05555555555555555,0.05555555555555555,0.16666666666666666,home,Casablanca
inst_0004016,order_002261,user_00758,merchant_0084,2,2026-01-17,2026-03-10,unpaid,44.0,2,1,2.5,Rabat,,,,,9,0.8,2.302585092994046,3,2175.3333333333335,2650.0,6526.0,5.284133068221371,MAD,0,0,0.0,3,3,0,0.0,0.0,1,0.0,0.0,0.0,electronics,Rabat
inst_0004020,order_002266,user_00759,merchant_0014,3,2026-01-17,2026-02-20,unpaid,109.0,2,1,2.5,Casablanca,0.0,0.0,0.0,1.0,2,0.0,1.0986122886681098,0,,,,0.0,MAD,0,0,0.0,0,0,0,0.0,0.0,1,0.09523809523809523,0.047619047619047616,0.23809523809523808,electronics,Marrakech
inst_0004025,order_002268,user_00760,merchant_0113,2,2026-01-17,2026-02-21,unpaid,104.0,2,1,2.5,Casablanca,,,,,6,0.8,1.9459101490553132,2,1665.0,2431.0,3330.0,5.1173264613188785,MAD,0,0,0.0,2,2,0,0.0,0.0,1,0.05,0.0,0.1,travel,Casablanca
inst_0004028,order_002269,user_00761,merchant_0077,2,2026-01-17,2026-03-03,unpaid,100.0,2,1,2.5,Casablanca,0.0,0.0,0.0,1.0,7,0.0,2.0794415416798357,1,2389.0,2389.0,2389.0,4.944688059179311,MAD,0,0,0.0,1,1,0,0.0,0.0,1,0.0,0.0,0.0,electronics,Casablanca
inst_0004038,order_002272,user_00762,merchant_0001,3,2026-01-17,2026-04-16,unpaid,34.0,2,-1,0.5,Casablanca,,,,,12,0.8,2.5649493574615367,3,2075.6666666666665,2383.0,6227.0,5.220438761359101,MAD,0,0,0.0,3,2,1,0.3333333333333333,1.359813847226612,1,0.0,0.0,0.0,fashion,Marrakech
inst_0004058,order_002282,user_00765,merchant_0006,2,2026-01-17,2026-04-08,unpaid,48.0,2,1,2.5,Marrakech,,,,,3,0.8,1.3862943611198906,0,,,,0.0,MAD,0,0,0.0,0,0,0,0.0,0.0,1,0.04,0.04,0.12,home,Rabat
inst_0004062,order_002283,user_00766,merchant_0065,3,2026-01-17,2026-05-04,unpaid,38.0,2,1,2.5,Casablanca,,,,,6,0.8,1.9459101490553132,0,,,,0.0,MAD,0,0,0.0,0,0,0,0.0,0.0,1,0.0,0.0,0.0,fashion,Rabat
inst_0004082,order_002299,user_00771,merchant_0078,2,2026-01-17,2026-02-05,unpaid,99.0,2,1,2.5,Rabat,0.0,0.0,0.0,1.0,5,0.0,1.791759469228055,0,,,,0.0,MAD,1,1,1.5,0,0,0,0.0,0.0,1,0.15,0.15,0.44999999999999996,fashion,Casablanca
inst_0004145,order_002337,user_00782,merchant_0019,2,2026-01-17,2026-02-17,unpaid,104.0,1,1,2.0,Casablanca,0.5,18.0,18.0,0.5,7,3.211107285416508,2.0794415416798357,1,838.0,838.0,838.0,4.316585296104302,MAD,0,0,0.0,1,1,0,0.0,0.0,1,0.0,0.0,0.0,home,Casablanca
inst_0004151,order_002339,user_00783,merchant_0112,2,2026-01-17,2026-02-04,unpaid,113.0,2,1,2.5,Marrakech,0.0,0.0,0.0,1.0,2,0.0,1.0986122886681098,0,,,,0.0,MAD,0,0,0.0,0,0,0,0.0,0.0,1,0.04,0.04,0.12,travel,Rabat
inst_0004178,order_002353,user_00788,merchant_0035,2,2026-01-17,2026-04-05,unpaid,50.0,1,1,2.0,Casablanca,,,,,9,0.8,2.302585092994046,0,,,,0.0,MAD,0,0,0.0,0,0,0,0.0,0.0,1,0.0,0.0,0.0,electronics,Casablanca
inst_0004194,order_002359,user_00791,merchant_0046,3,2026-01-17,2026-03-08,unpaid,104.0,1,1,2.0,Casablanca,0.0,0.0,0.0,1.0,4,0.0,1.6094379124341003,0,,,,0.0,MAD,0,0,0.0,0,0,0,0.0,0.0,1,0.0,0.0,0.0,fashion,Casablanca
inst_0004207,order_002371,user_00795,merchant_0088,1,2026-01-17,2026-03-07,unpaid,63.0,1,1,2.0,Rabat,,,,,6,0.8,1.9459101490553132,0,,,,0.0,MAD,0,0,0.0,0,0,0,0.0,0.0,1,0.0,0.0,0.0,fashion,Marrakech
inst_0004229,order_002383,user_00798,merchant_0103,2,2026-01-17,2026-02-21,unpaid,95.0,1,1,2.0,Marrakech,0.5,5.0,5.0,0.5,4,2.4042316284596383,1.6094379124341003,2,2066.5,3044.0,4133.0,5.252198623553642,MAD,0,0,0.0,2,2,0,0.0,0.0,1,0.18181818181818182,0.0,0.36363636363636365,fashion,Marrakech
inst_0004293,order_002414,user_00810,merchant_0003,3,2026-01-17,2026-03-11,unpaid,70.0,1,1,2.0,Marrakech,0.0,0.0,0.0,1.0,4,0.0,1.6094379124341003,0,,,,0.0,MAD,0,0,0.0,0,0,0,0.0,0.0,1,0.0,0.0,0.0,travel,Casablanca
inst_0004311,order_002424,user_00815,merchant_0047,3,2026-01-17,2026-03-12,unpaid,97.0,2,1,2.5,Marrakech,0.0,0.0,0.0,1.0,10,0.0,2.3978952727983707,1,3440.0,3440.0,3440.0,5.163369315702466,MAD,1,0,1.0,1,1,0,0.0,0.0,1,0.15,0.05,0.35,home,Marrakech
inst_0004323,order_002428,user_00816,merchant_0083,3,2026-01-17,2026-03-21,unpaid,106.0,2,1,2.5,Casablanca,0.0,0.0,0.0,1.0,7,0.0,2.0794415416798357,1,3510.0,3510.0,3510.0,5.1754525779250375,MAD,1,1,1.5,1,1,0,0.0,0.0,1,0.1,0.05,0.25,electronics,Marrakech
inst_0004356,order_002445,user_00822,merchant_0116,3,2026-01-17,2026-04-14,unpaid,64.0,2,1,2.5,Marrakech,,,,,3,0.8,1.3862943611198906,1,2210.0,2210.0,2210.0,4.897978980738446,MAD,0,0,0.0,1,1,0,0.0,0.0,1,0.05555555555555555,0.05555555555555555,0.16666666666666666,travel,Marrakech
inst_0004365,order_002449,user_00824,merchant_0005,3,2026-01-17,2026-03-24,unpaid,59.0,2,-1,0.5,Rabat,0.0,0.0,0.0,1.0,8,0.0,2.1972245773362196,3,2801.0,3407.0,8403.0,5.43484627721748,MAD,1,0,1.0,3,3,0,0.0,0.0,1,0.0625,0.0,0.125,electronics,Marrakech
inst_0004402,order_002472,user_00833,merchant_0070,1,2026-01-17,2026-02-01,unpaid,84.0,2,1,2.5,Casablanca,1.0,24.0,24.0,0.0,6,4.553213077407741,1.9459101490553132,1,3102.0,3102.0,3102.0,5.1013336708930055,MAD,0,0,0.0,1,1,0,0.0,0.0,1,0.0,0.0,0.0,electronics,Marrakech
inst_0004404,order_002472,user_00833,merchant_0070,3,2026-01-17,2026-04-02,unpaid,84.0,2,1,2.5,Casablanca,1.0,24.0,24.0,0.0,6,4.553213077407741,1.9459101490553132,1,3102.0,3102.0,3102.0,5.1013336708930055,MAD,0,0,0.0,1,1,0,0.0,0.0,1,0.0,0.0,0.0,electronics,Marrakech
inst_0004410,order_002474,user_00834,merchant_0029,3,2026-01-17,2026-02-10,unpaid,68.0,1,1,2.0,Marrakech,0.5,14.0,14.0,0.5,5,3.045635140771547,1.791759469228055,1,1201.0,1201.0,1201.0,4.532304141281069,MAD,0,0,0.0,1,1,0,0.0,0.0,1,0.0,0.0,0.0,electronics,Rabat
inst_0004411,order_002475,user_00834,merchant_0017,1,2026-01-17,2026-01-31,unpaid,68.0,1,1,2.0,Marrakech,0.5,14.0,14.0,0.5,5,3.045635140771547,1.791759469228055,1,1201.0,1201.0,1201.0,4.532304141281069,MAD,0,0,0.0,1,1,0,0.0,0.0,1,0.06666666666666667,0.06666666666666667,0.2,home,Casablanca
inst_0004416,order_002477,user_00835,merchant_0113,3,2026-01-17,2026-03-17,unpaid,96.0,2,1,2.5,Casablanca,0.3333333333333333,25.0,25.0,0.6666666666666666,3,3.047334243281704,1.3862943611198906,0,,,,0.0,MAD,0,0,0.0,0,0,0,0.0,0.0,1,0.05,0.0,0.1,travel,Casablanca
inst_0004473,order_002507,user_00846,merchant_0105,3,2026-01-17,2026-05-18,unpaid,51.0,2,1,2.5,Rabat,0.0,0.0,0.0,1.0,8,0.0,2.1972245773362196,1,1509.0,1509.0,1509.0,4.66917783010936,MAD,0,0,0.0,1,1,0,0.0,0.0,1,0.0,0.0,0.0,travel,Rabat
inst_0004526,order_002534,user_00856,merchant_0008,2,2026-01-17,2026-01-23,unpaid,75.0,2,1,2.5,Casablanca,0.0,0.0,0.0,1.0,5,0.0,1.791759469228055,0,,,,0.0,MAD,0,0,0.0,0,0,0,0.0,0.0,1,0.1111111111111111,0.1111111111111111,0.3333333333333333,fashion,Marrakech
inst_0004537,order_002538,user_00858,merchant_0012,1,2026-01-17,2026-02-10,unpaid,51.0,2,1,2.5,Casablanca,,,,,9,0.8,2.302585092994046,2,1510.5,2459.0,3021.0,5.124194892823089,MAD,0,0,0.0,2,2,0,0.0,0.0,1,0.047619047619047616,0.047619047619047616,0.14285714285714285,electronics,Casablanca
inst_0004555,order_002546,user_00860,merchant_0035,1,2026-01-17,2026-01-30,unpaid,67.0,2,1,2.5,Marrakech,0.0,0.0,0.0,1.0,8,0.0,2.1972245773362196,2,2222.5,3798.0,4445.0,5.384940807379819,MAD,0,0,0.0,2,2,0,0.0,0.0,1,0.0,0.0,0.0,electronics,Casablanca
inst_0004605,order_002575,user_00869,merchant_0028,3,2026-01-17,2026-02-26,unpaid,64.0,2,1,2.5,Rabat,0.0,0.0,0.0,1.0,3,0.0,1.3862943611198906,1,2576.0,2576.0,2576.0,4.989887598615397,MAD,1,0,1.0,1,0,1,1.0,2.6931471805599454,1,0.05555555555555555,0.05555555555555555,0.16666666666666666,home,Casablanca
inst_0004611,order_002585,user_00872,merchant_0109,3,2026-01-17,2026-02-17,unpaid,105.0,2,1,2.5,Marrakech,0.16666666666666666,23.0,23.0,0.8333333333333334,3,2.6079710145768953,1.3862943611198906,0,,,,0.0,MAD,0,0,0.0,0,0,0,0.0,0.0,1,0.0,0.0,0.0,electronics,Casablanca
inst_0004616,order_002589,user_00873,merchant_0096,2,2026-01-17,2026-03-03,unpaid,35.0,2,-1,0.5,Casablanca,,,,,6,0.8,1.9459101490553132,4,1511.5,2056.0,6046.0,5.221177498765414,MAD,0,0,0.0,4,3,1,0.25,1.1931471805599454,1,0.043478260869565216,0.0,0.08695652173913043,travel,Rabat
inst_0004644,order_002614,user_00881,merchant_0072,3,2026-01-17,2026-02-23,unpaid,95.0,2,-1,0.5,Rabat,0.0,0.0,0.0,1.0,6,0.0,1.9459101490553132,0,,,,0.0,MAD,1,1,1.5,0,0,0,0.0,0.0,1,0.09523809523809523,0.047619047619047616,0.23809523809523808,fashion,Marrakech
inst_0004659,order_002619,user_00882,merchant_0110,3,2026-01-17,2026-03-04,unpaid,67.0,2,1,2.5,Marrakech,1.0,17.0,17.0,0.0,9,4.323260230527315,2.302585092994046,1,1329.0,1329.0,1329.0,4.593019404953457,MAD,0,0,0.0,1,1,0,0.0,0.0,1,0.08333333333333333,0.08333333333333333,0.25,electronics,Rabat
inst_0004665,order_002628,user_00884,merchant_0077,3,2026-01-17,2026-03-28,unpaid,36.0,2,1,2.5,Rabat,,,,,3,0.8,1.3862943611198906,2,995.5,1138.0,1991.0,4.662188493535553,MAD,0,0,0.0,2,1,1,0.5,1.6931471805599454,1,0.0,0.0,0.0,electronics,Casablanca
inst_0004671,order_002631,user_00886,merchant_0070,3,2026-01-17,2026-03-13,unpaid,50.0,2,1,2.5,Casablanca,0.0,0.0,0.0,1.0,5,0.0,1.791759469228055,1,3785.0,3785.0,3785.0,5.220698071285539,MAD,0,0,0.0,1,0,1,1.0,2.6931471805599454,1,0.0,0.0,0.0,electronics,Marrakech
inst_0004688,order_002639,user_00889,merchant_0026,2,2026-01-17,2026-03-23,unpaid,32.0,2,1,2.5,Marrakech,,,,,9,0.8,2.302585092994046,0,,,,0.0,MAD,0,0,0.0,0,0,0,0.0,0.0,1,0.125,0.0,0.25,travel,Rabat
inst_0004689,order_002639,user_00889,merchant_0026,3,2026-01-17,2026-04-22,unpaid,32.0,2,1,2.5,Marrakech,,,,,9,0.8,2.302585092994046,0,,,,0.0,MAD,0,0,0.0,0,0,0,0.0,0.0,1,0.125,0.0,0.25,travel,Rabat
inst_0004756,order_002680,user_00904,merchant_0067,1,2026-01-17,2026-03-18,unpaid,54.0,2,1,2.5,Marrakech,,,,,3,0.8,1.3862943611198906,2,1758.0,3048.0,3516.0,5.252986283660197,MAD,0,0,0.0,2,1,1,0.5,1.6931471805599454,1,0.05,0.0,0.1,fashion,Rabat
inst_0004757,order_002680,user_00904,merchant_0067,2,2026-01-17,2026-04-17,unpaid,54.0,2,1,2.5,Marrakech,,,,,3,0.8,1.3862943611198906,2,1758.0,3048.0,3516.0,5.252986283660197,MAD,0,0,0.0,2,1,1,0.5,1.6931471805599454,1,0.05,0.0,0.1,fashion,Rabat
inst_0004773,order_002693,user_00909,merchant_0078,3,2026-01-17,2026-04-21,unpaid,83.0,2,1,2.5,Casablanca,0.0,0.0,0.0,1.0,10,0.0,2.3978952727983707,2,1945.5,1966.0,3891.0,4.990003806500679,MAD,0,0,0.0,2,2,0,0.0,0.0,1,0.15,0.15,0.44999999999999996,fashion,Casablanca
inst_0004822,order_002722,user_00920,merchant_0100,1,2026-01-17,2026-02-06,unpaid,68.0,2,1,2.5,Casablanca,,,,,5,0.8,1.791759469228055,2,1734.5,1791.0,3469.0,4.93409747158817,MAD,0,0,0.0,2,2,0,0.0,0.0,1,0.05263157894736842,0.05263157894736842,0.15789473684210525,electronics,Marrakech
inst_0004829,order_002725,user_00922,merchant_0063,2,2026-01-17,2026-03-05,unpaid,46.0,2,1,2.5,Rabat,,,,,12,0.8,2.5649493574615367,2,2345.0,2485.0,4690.0,5.130503078709638,MAD,0,0,0.0,2,1,1,0.5,1.6931471805599454,1,0.0,0.0,0.0,travel,Marrakech
inst_0004832,order_002726,user_00922,merchant_0040,2,2026-01-17,2026-03-26,unpaid,46.0,2,1,2.5,Rabat,,,,,12,0.8,2.5649493574615367,2,2345.0,2485.0,4690.0,5.130503078709638,MAD,0,0,0.0,2,1,1,0.5,1.6931471805599454,1,0.16666666666666666,0.08333333333333333,0.41666666666666663,electronics,Casablanca
inst_0004850,order_002733,user_00924,merchant_0046,2,2026-01-17,2026-05-06,unpaid,34.0,1,1,2.0,Marrakech,,,,,3,0.8,1.3862943611198906,0,,,,0.0,MAD,0,0,0.0,0,0,0,0.0,0.0,1,0.0,0.0,0.0,fashion,Casablanca
inst_0004851,order_002733,user_00924,merchant_0046,3,2026-01-17,2026-06-05,unpaid,34.0,1,1,2.0,Marrakech,,,,,3,0.8,1.3862943611198906,0,,,,0.0,MAD,0,0,0.0,0,0,0,0.0,0.0,1,0.0,0.0,0.0,fashion,Casablanca
inst_0004905,order_002763,user_00934,merchant_0113,3,2026-01-17,2026-03-10,unpaid,122.0,2,1,2.5,Casablanca,0.0,0.0,0.0,1.0,7,0.0,2.0794415416798357,0,,,,0.0,MAD,0,0,0.0,0,0,0,0.0,0.0,1,0.05,0.0,0.1,travel,Casablanca
inst_0004922,order_002771,user_00936,merchant_0089,2,2026-01-17,2026-02-05,unpaid,67.0,2,1,2.5,Marrakech,0.0,0.0,0.0,1.0,9,0.0,2.302585092994046,1,2547.0,2547.0,2547.0,4.983097282239211,MAD,0,0,0.0,1,1,0,0.0,0.0,1,0.0,0.0,0.0,fashion,Rabat
inst_0004923,order_002771,user_00936,merchant_0089,3,2026-01-17,2026-03-07,unpaid,67.0,2,1,2.5,Marrakech,0.0,0.0,0.0,1.0,9,0.0,2.302585092994046,1,2547.0,2547.0,2547.0,4.983097282239211,MAD,0,0,0.0,1,1,0,0.0,0.0,1,0.0,0.0,0.0,fashion,Rabat
inst_0004968,order_002791,user_00943,merchant_0066,3,2026-01-17,2026-04-26,unpaid,77.0,1,1,2.0,Rabat,,,,,9,0.8,2.302585092994046,3,1711.0,2314.0,5133.0,5.202816724360157,MAD,0,0,0.0,3,2,1,0.3333333333333333,1.359813847226612,1,0.043478260869565216,0.043478260869565216,0.13043478260869565,fashion,Rabat
inst_0004971,order_002792,user_00944,merchant_0052,3,2026-01-17,2026-03-02,unpaid,116.0,2,1,2.5,Marrakech,0.5,6.5,8.0,0.5,5,2.596896425738376,1.791759469228055,0,,,,0.0,MAD,0,0,0.0,0,0,0,0.0,0.0,1,0.0,0.0,0.0,electronics,Marrakech
inst_0004996,order_002810,user_00953,merchant_0030,1,2026-01-17,2026-02-24,unpaid,51.0,2,1,2.5,Rabat,,,,,3,0.8,1.3862943611198906,0,,,,0.0,MAD,0,0,0.0,0,0,0,0.0,0.0,1,0.07142857142857142,0.07142857142857142,0.21428571428571427,fashion,Rabat
inst_0005027,order_002838,user_00961,merchant_0013,2,2026-01-17,2026-03-09,unpaid,49.0,2,1,2.5,Rabat,,,,,9,0.8,2.302585092994046,1,2918.0,2918.0,2918.0,5.064656694736447,MAD,0,0,0.0,1,1,0,0.0,0.0,1,0.0,0.0,0.0,fashion,Rabat
inst_0005044,order_002852,user_00966,merchant_0053,1,2026-01-17,2026-02-13,unpaid,77.0,2,1,2.5,Rabat,0.0,0.0,0.0,1.0,11,0.0,2.4849066497880004,3,1542.3333333333333,3267.0,4627.0,5.409677818035892,MAD,0,0,0.0,3,3,0,0.0,0.0,1,0.14285714285714285,0.09523809523809523,0.38095238095238093,travel,Marrakech
inst_0005061,order_002862,user_00969,merchant_0082,3,2026-01-17,2026-01-24,unpaid,119.0,2,1,2.5,Marrakech,0.16666666666666666,19.0,19.0,0.8333333333333334,5,2.480345924821127,1.791759469228055,0,,,,0.0,MAD,0,1,0.5,0,0,0,0.0,0.0,1,0.047619047619047616,0.0,0.09523809523809523,electronics,Rabat
inst_0005082,order_002869,user_00972,merchant_0093,3,2026-01-17,2026-02-24,unpaid,98.0,1,1,2.0,Rabat,0.0,0.0,0.0,1.0,3,0.0,1.3862943611198906,0,,,,0.0,MAD,0,0,0.0,0,0,0,0.0,0.0,1,0.07142857142857142,0.0,0.14285714285714285,home,Rabat
inst_0005140,order_002903,user_00983,merchant_0107,1,2026-01-17,2026-01-28,unpaid,56.0,1,1,2.0,Casablanca,,,,,12,0.8,2.5649493574615367,1,3438.0,3438.0,3438.0,5.163020478483337,MAD,0,0,0.0,1,1,0,0.0,0.0,1,0.05,0.05,0.15000000000000002,fashion,Casablanca
inst_0005171,order_002916,user_00987,merchant_0110,2,2026-01-17,2026-01-31,unpaid,89.0,2,1,2.5,Casablanca,0.0,0.0,0.0,1.0,2,0.0,1.0986122886681098,0,,,,0.0,MAD,0,0,0.0,0,0,0,0.0,0.0,1,0.08333333333333333,0.08333333333333333,0.25,electronics,Rabat
inst_0005193,order_002925,user_00991,merchant_0044,3,2026-01-17,2026-04-21,unpaid,32.0,1,1,2.0,Casablanca,,,,,6,0.8,1.9459101490553132,0,,,,0.0,MAD,0,0,0.0,0,0,0,0.0,0.0,1,0.1111111111111111,0.05555555555555555,0.2777777777777778,travel,Rabat
inst_0005218,order_002939,user_00995,merchant_0026,1,2026-01-17,2026-02-14,unpaid,40.0,1,1,2.0,Marrakech,,,,,9,0.8,2.302585092994046,2,2085.0,3545.0,4170.0,5.343590207447736,MAD,0,0,0.0,2,1,1,0.5,1.6931471805599454,1,0.125,0.0,0.25,travel,Rabat
